year,competition,player,team,goals
2009,Apertura 08/09,Emiliano Alfaro,Liverpool,7
2009,Apertura 08/09,Sergio Leal,Danubio,7
2009,Apertura 08/09,William Ferreira,Defensor,6
2009,Apertura 08/09,Santiago García,Nacional,6
2009,Apertura 08/09,José María Franco,Peñarol,6
2009,Apertura 08/09,Sebastián Andrés Balsas,Racing,6
2009,Apertura 08/09,Henry Damián Giménez,River,5
2009,Apertura 08/09,Mauro Adrián Vila,Defensor,5
2009,Apertura 08/09,Antonio Pacheco,Peñarol,5
2009,Apertura 08/09,Jonathan Charquero,Wanderers,5
2009,Apertura 08/09,Diego Ifrán,Danubio,4
2009,Apertura 08/09,Jonathan Blanes,Racing,4
2009,Apertura 08/09,Martín Crossa,Central Español,4
2009,Apertura 08/09,Líber Daniel Quiñones,Racing,4
2009,Apertura 08/09,Carlos Heber Bueno,Peñarol,4
2009,Apertura 08/09,Sergio Blanco,Nacional,4
2009,Apertura 08/09,Pablo Eduardo Caballero,Cerro,4
2009,Apertura 08/09,Jorge García,Danubio,4
2009,Apertura 08/09,Hernán Figueredo,Villa Española,4
2009,Apertura 08/09,Julian Perujo,Rampla Juniors,4
2009,Apertura 08/09,Danilo Peinado,Liverpool,3
2009,Apertura 08/09,Fabian Coelho,Central Español,3
2009,Apertura 08/09,Ruben Cecco,Bella Vista,3
2009,Apertura 08/09,Diego De Souza,Defensor,3
2009,Apertura 08/09,Abel Mathías Hernández,Peñarol,3
2009,Apertura 08/09,Luigi Rodríguez,Cerro Largo,3
2009,Apertura 08/09,Richard Núñez,Peñarol,3
2009,Apertura 08/09,Matias Perez,Danubio,3
2009,Apertura 08/09,Junior Aliberti,Cerro,3
2009,Apertura 08/09,Dean Silvera,Cerro Largo,3
2009,Apertura 08/09,Darío Larrosa,Racing,3
2009,Apertura 08/09,Diego Silva,River,3
2009,Apertura 08/09,Aldo Fabián Díaz,Tacuarembó,3
2009,Apertura 08/09,Maximiliano Daniel Pérez,Defensor,3
2009,Apertura 08/09,Alexander Medina,Nacional,3
2009,Apertura 08/09,Diego Martiñónes,Tacuarembó,3
2009,Apertura 08/09,Adrián Marcelo Romero,Nacional,2
2009,Apertura 08/09,Enrique Meza,Juventud,2
2009,Apertura 08/09,Jonathan Laserda,Wanderers,2
2009,Apertura 08/09,Pablo Meloño,River,2
2009,Apertura 08/09,Marcelo Ferreira,Villa Española,2
2009,Apertura 08/09,Elías Figueroa,Liverpool,2
2009,Apertura 08/09,Pablo Antonio Pallante,Cerro,2
2009,Apertura 08/09,Héctor Ignacio La Luz,Central Español,2
2009,Apertura 08/09,Javier Benia,Juventud,2
2009,Apertura 08/09,Ernesto Goñi,Racing,2
2009,Apertura 08/09,Sebastian Merlo,Rampla Juniors,2
2009,Apertura 08/09,Braian Damián Rodríguez,Tacuarembó,2
2009,Apertura 08/09,Alejandro Reyes,Bella Vista,2
2009,Apertura 08/09,Jesús Darwin Ramírez,Central Español,2
2009,Apertura 08/09,Luis Ignacio Medina,Peñarol,2
2009,Apertura 08/09,Danilo Asconeguy,Peñarol,2
2009,Apertura 08/09,Sergio Souza,River,2
2009,Apertura 08/09,Paulo Pezzolano,Liverpool,2
2009,Apertura 08/09,Mauricio Sebastián Díaz,Cerro Largo,2
2009,Apertura 08/09,Marcelo Palau,Rampla Juniors,2
2009,Apertura 08/09,Andrés Rodríguez,Cerro,2
2009,Apertura 08/09,Diego Gonzalo Chaves,Wanderers,2
2009,Apertura 08/09,Marcelo Sebastián Regueiro,Cerro,2
2009,Apertura 08/09,Roberto Sebastián Brum,Nacional,2
2009,Apertura 08/09,Rodrigo Martín Muñoz,Cerro,2
2009,Apertura 08/09,Francisco Rolando Silva,Central Español,2
2009,Apertura 08/09,Enzo Scorza,Danubio,2
2009,Apertura 08/09,Sergio Gonzalo Rodríguez,Danubio,2
2009,Apertura 08/09,Agustin Viana,Bella Vista,2
2009,Apertura 08/09,Juan Pablo Rodríguez,Racing,2
2009,Apertura 08/09,Alvaro Fernandez,Nacional,2
2009,Apertura 08/09,Gaston Puerari,Rampla Juniors,1
2009,Apertura 08/09,Mauricio Rosa,Rampla Juniors,1
2009,Apertura 08/09,Walt Baez,Bella Vista,1
2009,Apertura 08/09,Hernan Perez,Rampla Juniors,1
2009,Apertura 08/09,Hamilton Pereira,Tacuarembó,1
2009,Apertura 08/09,Pablo Olivera,Cerro Largo,1
2009,Apertura 08/09,Alvaro Ricci,Rampla Juniors,1
2009,Apertura 08/09,Sebastian Sanchez,Tacuarembó,1
2009,Apertura 08/09,Juan Francisco Ferreri,Central Español,1
2009,Apertura 08/09,Octavio Sequeira,Tacuarembó,1
2009,Apertura 08/09,Pablo Caballero,Nacional,1
2009,Apertura 08/09,Carlos Avelino,Bella Vista,1
2009,Apertura 08/09,Victor Guadalupe,Rampla Juniors,1
2009,Apertura 08/09,Nelson Semperena,Central Español,1
2009,Apertura 08/09,Matías Cabrera,Cerro,1
2009,Apertura 08/09,Claudio Martín Dadomo,Cerro,1
2009,Apertura 08/09,Cristian Olivera,Villa Española,1
2009,Apertura 08/09,Nicolás Nicolay,River,1
2009,Apertura 08/09,Washington Camacho,Bella Vista,1
2009,Apertura 08/09,Diego Vitabar,River,1
2009,Apertura 08/09,Zinho,Villa Española,1
2009,Apertura 08/09,William Klingender,River,1
2009,Apertura 08/09,Jorge Alvez,Bella Vista,1
2009,Apertura 08/09,Mauricio Victorino,Nacional,1
2009,Apertura 08/09,Facundo Martinez,Rampla Juniors,1
2009,Apertura 08/09,Michel Acosta,Liverpool,1
2009,Apertura 08/09,Richard Pellejero,Cerro,1
2009,Apertura 08/09,Federico Laens,Wanderers,1
2009,Apertura 08/09,Oscar Javier Morales,Nacional,1
2009,Apertura 08/09,Gastón Machado,Danubio,1
2009,Apertura 08/09,Pablo Pereira,Rampla Juniors,1
2009,Apertura 08/09,Alvaro Méndez,Juventud,1
2009,Apertura 08/09,Julián Lalinde,Liverpool,1
2009,Apertura 08/09,Carlos Díaz,Defensor,1
2009,Apertura 08/09,Daniel Hernandez,Villa Española,1
2009,Apertura 08/09,Juan Jose Tancredi,Bella Vista,1
2009,Apertura 08/09,Hugo Fernando Souza,Cerro Largo,1
2009,Apertura 08/09,Julian Ruelli,Liverpool,1
2009,Apertura 08/09,Gonzalo Castro,Rampla Juniors,1
2009,Apertura 08/09,Rodrigo Mora,Defensor,1
2009,Apertura 08/09,Néstor Esteban Conde,Danubio,1
2009,Apertura 08/09,Ribaír Rodríguez,Danubio,1
2009,Apertura 08/09,Carlos Andrés Rodales,Liverpool,1
2009,Apertura 08/09,Eduardo Aranda,Liverpool,1
2009,Apertura 08/09,Sebastián Marcelo Suárez,Cerro,1
2009,Apertura 08/09,Alberto Yamandú Silva,Cerro Largo,1
2009,Apertura 08/09,Jorge Martín Rodríguez,River,1
2009,Apertura 08/09,Maximiliano Lombardi,Peñarol,1
2009,Apertura 08/09,Héctor Baltasar Silva,Tacuarembó,1
2009,Apertura 08/09,Matías Nicolás Pereyra,Tacuarembó,1
2009,Apertura 08/09,Sebastián Rodrigo Martínez,Cerro,1
2009,Apertura 08/09,Víctor Adrián Fagúndez,Wanderers,1
2009,Apertura 08/09,Diego Ferreira,Defensor,1
2009,Apertura 08/09,Paolo Giancarlo Patritti,Liverpool,1
2009,Apertura 08/09,Alvaro Maximiliano Arias,Peñarol,1
2009,Apertura 08/09,Sergio Maximiliano Pérez,Tacuarembó,1
2009,Apertura 08/09,Sergio Damián Santín,Villa Española,1
2009,Apertura 08/09,Christian Apraham Yeladian,Juventud,1
2009,Apertura 08/09,Damián Malrrechaufe,Danubio,1
2009,Apertura 08/09,Fernando Edgardo Correa,Peñarol,1
2009,Apertura 08/09,Héctor Federico Vega,Racing,1
2009,Apertura 08/09,Nathaniel Revetria,River,1
2009,Apertura 08/09,Gastón Filgueira,Nacional,1
2009,Apertura 08/09,Jonathan Larrosa,Villa Española,1
2009,Apertura 08/09,Matías Quagliotti,Wanderers,1
2009,Apertura 08/09,Carlos María Morales,Wanderers,1
2009,Apertura 08/09,Mathías Corujo,Wanderers,1
2009,Apertura 08/09,José Ortiz,Wanderers,1
2009,Apertura 08/09,Santiago López,Wanderers,1
2009,Apertura 08/09,Nicolás López,Racing,1
2009,Apertura 08/09,Jorge Curbello,Defensor,1
2009,Apertura 08/09,Bruno Terra,Central Español,1
2009,Apertura 08/09,Angel Alejandro Morales,Nacional,1
2009,Apertura 08/09,Jonathan Techera,Defensor,1
2009,Apertura 08/09,Renzo Daniel Pozzi,Tacuarembó,1
2009,Apertura 08/09,Pablo Di Fiori,Juventud,1
2009,Apertura 08/09,Ederson Fofonka,Defensor,1
2009,Apertura 08/09,Daley Yesid Mena,Danubio,1
2009,Apertura 08/09,Octavio Darío Rodríguez,Peñarol,1
2009,Apertura 08/09,Víctor Hugo Martínez,Central Español,1
2009,Apertura 08/09,Miguel Murillo,Juventud,1
2009,Apertura 08/09,Pablo Hernández,Racing,1
2009,Apertura 08/09,Javier Delgado,Danubio,1
2009,Apertura 08/09,Maximiliano Dornell,Juventud,1
2009,Apertura 08/09,Mauricio Ruiz,Cerro Largo,1
2009,Apertura 08/09,Miguel De Souza,Cerro Largo,1
2010,Apertura 09/10,Maureen Franco,Cerrito,13
2010,Apertura 09/10,Emiliano Alfaro,Liverpool,13
2010,Apertura 09/10,Diego Ifrán,Danubio,10
2010,Apertura 09/10,Antonio Pacheco,Peñarol,8
2010,Apertura 09/10,Fabricio Núñez(No Usar),Cerro Largo,8
2010,Apertura 09/10,Jonathan Ramis,Peñarol,7
2010,Apertura 09/10,Ismael Sandor Espiga,Central Español,7
2010,Apertura 09/10,Martín Cauteruccio,Racing,7
2010,Apertura 09/10,Marcelo Nicolás Lodeiro,Nacional,7
2010,Apertura 09/10,Diego De Souza,Defensor,6
2010,Apertura 09/10,Alfredo Nicolás Guevara,Rampla Juniors,6
2010,Apertura 09/10,Rafael Refatti,Tacuarembó,5
2010,Apertura 09/10,Danilo Javier Peinado,Wanderers,5
2010,Apertura 09/10,Federico Puppo,River Plate,5
2010,Apertura 09/10,Jorge Zambrana,River Plate,4
2010,Apertura 09/10,Sebastián Jonathan Charquero,Wanderers,4
2010,Apertura 09/10,Gustavo Antonio Varela,Nacional,4
2010,Apertura 09/10,Simón Vanderoeght,Wanderers,4
2010,Apertura 09/10,Alvaro Apolito,Cerro,4
2010,Apertura 09/10,Sergio Rubén Blanco,Nacional,4
2010,Apertura 09/10,Néstor Esteban Conde,Danubio,4
2010,Apertura 09/10,Mathias Mirabajes,Racing,4
2010,Apertura 09/10,Marcelo Fernando Guerrero,Defensor,4
2010,Apertura 09/10,Elias Ricardo Figueroa,Liverpool,3
2010,Apertura 09/10,Pablo Daniel Gaglianone,Defensor,3
2010,Apertura 09/10,Carlos Grossmuller,Danubio,3
2010,Apertura 09/10,Pablo Hernández,Defensor,3
2010,Apertura 09/10,Mathias Damián Riquero,Liverpool,3
2010,Apertura 09/10,Julián Perujo,Rampla Juniors,3
2010,Apertura 09/10,Hamilton Ricard,Danubio,3
2010,Apertura 09/10,Ignacio Risso,Defensor,3
2010,Apertura 09/10,Luciano Cardinali,Fénix,3
2010,Apertura 09/10,Gerardo Alcoba,Peñarol,3
2010,Apertura 09/10,Marcelo Fabián Méndez,Wanderers,3
2010,Apertura 09/10,Jonathan Lacerda,Wanderers,3
2010,Apertura 09/10,Álvaro Damián Navarro,Defensor,3
2010,Apertura 09/10,Jonathan Soto,Cerro,3
2010,Apertura 09/10,Julián Lalinde,Liverpool,3
2010,Apertura 09/10,Jorge Cristian Córdoba,River Plate,3
2010,Apertura 09/10,Jorge Rodríguez,River Plate,3
2010,Apertura 09/10,Néstor Fabián Silva,Racing,3
2010,Apertura 09/10,Liber Daniel Quiñones,Racing,3
2010,Apertura 09/10,Marco Antonio García Nascimento,Atenas,3
2010,Apertura 09/10,Nicolás Andrés Nicolay,Tacuarembó,2
2010,Apertura 09/10,Alejandro Martinuccio,Peñarol,2
2010,Apertura 09/10,Sebastián Balsas,Nacional,2
2010,Apertura 09/10,Román Marcelo Cuello,Racing,2
2010,Apertura 09/10,Bryan Rodríguez,Peñarol,2
2010,Apertura 09/10,Franco Ariel Sosa,Tacuarembó,2
2010,Apertura 09/10,Bruno Barreto González,Rampla Juniors,2
2010,Apertura 09/10,Jonathan Alexander Ramirez,Tacuarembó,2
2010,Apertura 09/10,Juan Manuel Ortiz,Cerrito,2
2010,Apertura 09/10,Luigi Rodríguez,Cerro Largo,2
2010,Apertura 09/10,Matias Rodriguez,Nacional,2
2010,Apertura 09/10,Abel Nazario,Cerro Largo,2
2010,Apertura 09/10,Mauricio Díaz,Liverpool,2
2010,Apertura 09/10,Rony Flores,Atenas,2
2010,Apertura 09/10,Santiago Damián García,Nacional,2
2010,Apertura 09/10,Álvaro Rafael González,Nacional,2
2010,Apertura 09/10,Facundo Escalante,Cerrito,2
2010,Apertura 09/10,Ángel Alejandro Morales,Nacional,2
2010,Apertura 09/10,Sebastián Coates,Nacional,2
2010,Apertura 09/10,Rodrigo Cabrera,Defensor,2
2010,Apertura 09/10,Richard Aníbal Porta,River Plate,2
2010,Apertura 09/10,Juan Ferrés,River Plate,2
2010,Apertura 09/10,Carlos Antonio Aguiar,Fénix,2
2010,Apertura 09/10,Juan Ernesto Casado,Cerro Largo,2
2010,Apertura 09/10,Diego Rafael Perrone,Central Español,2
2010,Apertura 09/10,Fabian Trujillo,Cerro,2
2010,Apertura 09/10,Alvaro Méndez,Rampla Juniors,2
2010,Apertura 09/10,Diego Daniel Vera,Nacional,2
2010,Apertura 09/10,Mario Ignacio Regueiro,Nacional,2
2010,Apertura 09/10,André Luis Rodrigues Lopes,River Plate,1
2010,Apertura 09/10,Gonzalo Daniel Lemes Rodríguez,Atenas,1
2010,Apertura 09/10,Marcel Román Núñez,Peñarol,1
2010,Apertura 09/10,Nelson Techera,Cerrito,1
2010,Apertura 09/10,Hernán Figueredo,Liverpool,1
2010,Apertura 09/10,Paolo Giancarlo Patritti,Liverpool,1
2010,Apertura 09/10,Tabaré Viudez,Defensor,1
2010,Apertura 09/10,Sebastián Taborda,Defensor,1
2010,Apertura 09/10,Álvaro Maximiliano Arias,Fénix,1
2010,Apertura 09/10,Ribair Rodríguez,Danubio,1
2010,Apertura 09/10,Peter Javier Vera,Rampla Juniors,1
2010,Apertura 09/10,Gastón Ezequiel Ramírez,Peñarol,1
2010,Apertura 09/10,Sergio Gonzalo Rodríguez,Danubio,1
2010,Apertura 09/10,Alejandro Clever Reyes,Racing,1
2010,Apertura 09/10,Daniel Alejandro Lembo,Nacional,1
2010,Apertura 09/10,Héctor Martín Icart Atahídes,Rampla Juniors,1
2010,Apertura 09/10,Aldo Diaz,Liverpool,1
2010,Apertura 09/10,Diego Cardozo Barboza,Cerrito,1
2010,Apertura 09/10,Ricardo Queiro,Cerro,1
2010,Apertura 09/10,Matias Mier,Fénix,1
2010,Apertura 09/10,Héctor Foletti,Cerrito,1
2010,Apertura 09/10,Raúl Molina,Cerro,1
2010,Apertura 09/10,Luís Ignacio Medina,Liverpool,1
2010,Apertura 09/10,Gabriel Marques de Andrade Pinto,River Plate,1
2010,Apertura 09/10,Bruno Montelongo,River Plate,1
2010,Apertura 09/10,John Varela,River Plate,1
2010,Apertura 09/10,Martín Cardozo,Fénix,1
2010,Apertura 09/10,Alvaro Brum,Fénix,1
2010,Apertura 09/10,Guillermo Maidana,Fénix,1
2010,Apertura 09/10,José Maria Franco,River Plate,1
2010,Apertura 09/10,Gaston Pagano,Cerro,1
2010,Apertura 09/10,Cristian Vaquero,Cerro,1
2010,Apertura 09/10,Fernando Alvez,Cerro,1
2010,Apertura 09/10,Pablo Caballero,Cerro,1
2010,Apertura 09/10,Claudio Martín Dadomo,Cerro,1
2010,Apertura 09/10,Maximiliano Lombardi,Cerro,1
2010,Apertura 09/10,Matías Cabrera,Nacional,1
2010,Apertura 09/10,Raúl Freddy Ferro,Nacional,1
2010,Apertura 09/10,Sergio Perez,Central Español,1
2010,Apertura 09/10,Rino Fabricio Lucas,Cerro Largo,1
2010,Apertura 09/10,Eduardo Aranda,Nacional,1
2010,Apertura 09/10,Oscar Javier Morales,Nacional,1
2010,Apertura 09/10,Darwin Ramírez,Central Español,1
2010,Apertura 09/10,Darío Larrosa,Racing,1
2010,Apertura 09/10,Gaston Machado,Racing,1
2010,Apertura 09/10,Jean Pierre Barrientos,Racing,1
2010,Apertura 09/10,Alexander Silva,Central Español,1
2010,Apertura 09/10,Gonzalo Da Luz,Central Español,1
2010,Apertura 09/10,Ernesto Goñi,Racing,1
2010,Apertura 09/10,Luis Machado,Tacuarembó,1
2010,Apertura 09/10,Marcelo Silva,Danubio,1
2010,Apertura 09/10,Pablo Míguez,Danubio,1
2010,Apertura 09/10,Nicolás Pereira,Tacuarembó,1
2010,Apertura 09/10,Héctor Matías Dos Santos Bueno,Tacuarembó,1
2010,Apertura 09/10,Gonzalo Piriz,Tacuarembó,1
2010,Apertura 09/10,Jorge Adrián García,Danubio,1
2010,Apertura 09/10,Andrés Rodales,Liverpool,1
2010,Apertura 09/10,Carlos Germán Macchi,Liverpool,1
2010,Apertura 09/10,Carlos Andrés Sánchez,Liverpool,1
2010,Apertura 09/10,César Ceballos,Defensor,1
2010,Apertura 09/10,Eduardo Fernandez,Atenas,1
2010,Apertura 09/10,Jorge Ramírez,Atenas,1
2010,Apertura 09/10,Mathías Corujo,Wanderers,1
2010,Apertura 09/10,Julio Rodríguez,Wanderers,1
2010,Apertura 09/10,Emiliano Tellechea,Wanderers,1
2010,Apertura 09/10,Fernando Martín Bonjour,Rampla Juniors,1
2010,Apertura 09/10,Alvaro Darío Alonso,Rampla Juniors,1
2010,Apertura 09/10,Fernando Curcio,Rampla Juniors,1
2010,Apertura 09/10,Ezequiel Videla,Wanderers,1
2010,Apertura 09/10,Diego Martin Alonso,Peñarol,1
2010,Apertura 09/10,Renzo Daniel Pozzi,Tacuarembó,1
2010,Apertura 09/10,Sebastián Sánchez,Tacuarembó,1
2010,Apertura 09/10,Santiago López Bruzzese,Wanderers,1
2010,Apertura 09/10,Ignacio Ithurralde,Peñarol,1
2010,Apertura 09/10,Julio Fabián Mozzo Valdéz,Peñarol,1
2011,Clausura 10/11,Cristian Palacios,Central Español,15
2011,Clausura 10/11,Santiago Damián García,Nacional,8
2011,Clausura 10/11,Liber Daniel Quiñones,Racing,8
2011,Clausura 10/11,Maximiliano Pérez,Fénix,8
2011,Clausura 10/11,Gabriel Alvez,El Tanque Sisley,6
2011,Clausura 10/11,Jonathan Alexander Ramirez,River Plate,5
2011,Clausura 10/11,Gaston Colman,Tacuarembó,5
2011,Clausura 10/11,César David Texeira,Defensor,5
2011,Clausura 10/11,Carlos Nuñez,Liverpool,5
2011,Clausura 10/11,Antoine P Helha,El Tanque Sisley,5
2011,Clausura 10/11,Juan Manuel Olivera,Peñarol,5
2011,Clausura 10/11,Emiliano Tellechea,Wanderers,5
2011,Clausura 10/11,Emiliano Alfaro,Liverpool,5
2011,Clausura 10/11,Diego Rafael Perrone,Danubio,5
2011,Clausura 10/11,Jean Pierre Barrientos,Racing,5
2011,Clausura 10/11,Richard Aníbal Porta,Nacional,5
2011,Clausura 10/11,Antonio Pacheco,Peñarol,5
2011,Clausura 10/11,Bruno Fornaroli,Nacional,4
2011,Clausura 10/11,Maximiliano Rodriguez,Wanderers,4
2011,Clausura 10/11,Andres Rodriguez,Miramar Misiones,4
2011,Clausura 10/11,Omar Pérez,Cerro,4
2011,Clausura 10/11,Ignacio Risso,Defensor,4
2011,Clausura 10/11,Álvaro Recoba,Danubio,4
2011,Clausura 10/11,Mathias Alonso,Cerro,4
2011,Clausura 10/11,Julián Lalinde,Rampla Juniors,4
2011,Clausura 10/11,Richard Núñez,Rampla Juniors,4
2011,Clausura 10/11,José Maria Franco,River Plate,4
2011,Clausura 10/11,Matías Quagliotti,Wanderers,4
2011,Clausura 10/11,Darío Larrosa,Racing,4
2011,Clausura 10/11,Alexander Jesús Medina,River Plate,4
2011,Clausura 10/11,Jonathan Sandoval,Wanderers,3
2011,Clausura 10/11,Nicolás Federico López,Nacional,3
2011,Clausura 10/11,Pablo Daniel Gaglianone,River Plate,3
2011,Clausura 10/11,Román Marcelo Cuello,Fénix,3
2011,Clausura 10/11,Maureen Franco,Liverpool,3
2011,Clausura 10/11,José Pablo Varela,Bella Vista,3
2011,Clausura 10/11,Tabaré Viudez,Nacional,3
2011,Clausura 10/11,Sebastian García,Tacuarembó,3
2011,Clausura 10/11,Santiago Fosgt,Fénix,3
2011,Clausura 10/11,Fernando Correa,River Plate,3
2011,Clausura 10/11,Ignacio Nicolini,Bella Vista,3
2011,Clausura 10/11,Jonathan Alexis Pérez,Bella Vista,3
2011,Clausura 10/11,Marcelo Daniel Gallardo,Nacional,3
2011,Clausura 10/11,Héctor Anselmo Vázquez,Tacuarembó,3
2011,Clausura 10/11,Matías Britos,Rampla Juniors,3
2011,Clausura 10/11,Jonathan Matías Urretaviscaya da Luz,Peñarol,3
2011,Clausura 10/11,Walter Fernando Guglielmone,Wanderers,3
2011,Clausura 10/11,Sebastián Fernández,Miramar Misiones,2
2011,Clausura 10/11,Agustín Viana,Bella Vista,2
2011,Clausura 10/11,Sebastián Jonathan Charquero,Nacional,2
2011,Clausura 10/11,Pablo Antonio Pallante,Cerro,2
2011,Clausura 10/11,Matías Vecino,Central Español,2
2011,Clausura 10/11,Leonardo Andrés Medina,Miramar Misiones,2
2011,Clausura 10/11,Anderzon Gonzaga,Danubio,2
2011,Clausura 10/11,Adrián Nicolás Luna,Defensor,2
2011,Clausura 10/11,Sergio Souza,Central Español,2
2011,Clausura 10/11,Javier Cabrera,Wanderers,2
2011,Clausura 10/11,Federico Gomez,Racing,2
2011,Clausura 10/11,Alejandro Silva,Fénix,2
2011,Clausura 10/11,Fabián Estoyanoff,Peñarol,2
2011,Clausura 10/11,Miguel Murillo,El Tanque Sisley,2
2011,Clausura 10/11,Mathías Corujo,Peñarol,2
2011,Clausura 10/11,Marcelo Broli,Rampla Juniors,2
2011,Clausura 10/11,Fabian Trujillo,Cerro,2
2011,Clausura 10/11,Maximiliano Bajter,Fénix,2
2011,Clausura 10/11,Luís Bernardo Aguiar,Peñarol,2
2011,Clausura 10/11,Diego Martin Alonso,Peñarol,2
2011,Clausura 10/11,Alejandro Martinuccio,Peñarol,2
2011,Clausura 10/11,Pablo Caballero,Cerro,2
2011,Clausura 10/11,Andrés Pablo Fernández2,Central Español,2
2011,Clausura 10/11,Eduardo Aranda,Defensor,2
2011,Clausura 10/11,Antonio Fernández,El Tanque Sisley,2
2011,Clausura 10/11,Wálter Fabián Coelho,El Tanque Sisley,2
2011,Clausura 10/11,Federico Puppo,River Plate,2
2011,Clausura 10/11,Jorge Zambrana,River Plate,2
2011,Clausura 10/11,Danilo Moreno Asprilla,Rampla Juniors,2
2011,Clausura 10/11,Aldo Diaz,Tacuarembó,2
2011,Clausura 10/11,Janderson Kione Pereira Rodrigues,River Plate,2
2011,Clausura 10/11,Elias Ricardo Figueroa,Liverpool,2
2011,Clausura 10/11,Darwin Ramirez,Central Español,2
2011,Clausura 10/11,Juan Manuel Ortiz,Fénix,2
2011,Clausura 10/11,Pablo Míguez,Danubio,2
2011,Clausura 10/11,Diego Fernández,Miramar Misiones,2
2011,Clausura 10/11,Gonzalo Viera,Miramar Misiones,1
2011,Clausura 10/11,Alvaro González,Danubio,1
2011,Clausura 10/11,Arias Maximiliano,Rampla Juniors,1
2011,Clausura 10/11,Guillermo de los Santos,Cerro,1
2011,Clausura 10/11,Aníbal Hernández,Racing,1
2011,Clausura 10/11,Paulo Vinicius Souza Dos Santos,River Plate,1
2011,Clausura 10/11,Gaston Martinez,El Tanque Sisley,1
2011,Clausura 10/11,Ronald Andrés Ramírez,Wanderers,1
2011,Clausura 10/11,Gastón Martínez,El Tanque Sisley,1
2011,Clausura 10/11,Ignacio La Luz,Tacuarembó,1
2011,Clausura 10/11,Ricardo Azqueta,Bella Vista,1
2011,Clausura 10/11,Rodrigo Cabrera,River Plate,1
2011,Clausura 10/11,John Pirez,Defensor,1
2011,Clausura 10/11,Mauro Vila,Defensor,1
2011,Clausura 10/11,Carlos Eduardo Dutra de Oliveira,Nacional,1
2011,Clausura 10/11,Ezequiel Vazquez,Wanderers,1
2011,Clausura 10/11,Esteban Fernando Maga,Bella Vista,1
2011,Clausura 10/11,Héctor Fabián Acuña,Racing,1
2011,Clausura 10/11,Diego Zabala,Racing,1
2011,Clausura 10/11,Ramón Gines Arias,Defensor,1
2011,Clausura 10/11,Angelo Paleso,Miramar Misiones,1
2011,Clausura 10/11,Rodrigo Pastorini,Peñarol,1
2011,Clausura 10/11,Martín Rodríguez,Liverpool,1
2011,Clausura 10/11,Sebastián Sánchez,Tacuarembó,1
2011,Clausura 10/11,Rodrigo Viega,Peñarol,1
2011,Clausura 10/11,Renzo Daniel Pozzi,Liverpool,1
2011,Clausura 10/11,Guillermo Daniel Rodríguez,Peñarol,1
2011,Clausura 10/11,Andrés Ravecca,Cerro,1
2011,Clausura 10/11,Luciano Cardinali,Fénix,1
2011,Clausura 10/11,Michel Acosta,Liverpool,1
2011,Clausura 10/11,Hernán Figueredo,Liverpool,1
2011,Clausura 10/11,Gonzalo Aguilar,Racing,1
2011,Clausura 10/11,Martín Cardozo,Fénix,1
2011,Clausura 10/11,Alexander Silva,Central Español,1
2011,Clausura 10/11,Mathías Nicolás Abero,Racing,1
2011,Clausura 10/11,Sebastián Balsas,Racing,1
2011,Clausura 10/11,Adrián Argachá,Defensor,1
2011,Clausura 10/11,Santiago López Bruzzese,Bella Vista,1
2011,Clausura 10/11,Alfredo Nicolás Guevara,Liverpool,1
2011,Clausura 10/11,Fernando Martín Bonjour,Liverpool,1
2011,Clausura 10/11,Alvaro Darío Alonso,Rampla Juniors,1
2011,Clausura 10/11,Leandro Silva,Bella Vista,1
2011,Clausura 10/11,Bosco Silvio Frontán,Cerro,1
2011,Clausura 10/11,Sebastián Píriz,Danubio,1
2011,Clausura 10/11,Claudio Gastón Innella,Tacuarembó,1
2011,Clausura 10/11,Pablo Olivera,River Plate,1
2011,Clausura 10/11,Sebastián Marcelo Suárez López,Defensor,1
2011,Clausura 10/11,Marcelo Andrés Martuciello,Bella Vista,1
2011,Clausura 10/11,Brahian Alemán,Defensor,1
2011,Clausura 10/11,Gastón Bueno,Central Español,1
2011,Clausura 10/11,Jonatan Blanes,Liverpool,1
2011,Clausura 10/11,Federico Pérez,River Plate,1
2011,Clausura 10/11,Héctor Martín Icart Atahídes,Cerro,1
2011,Clausura 10/11,Facundo Piriz,Nacional,1
2011,Clausura 10/11,Matias Mier,Peñarol,1
2011,Clausura 10/11,Diego Cardozo Barboza,Racing,1
2011,Clausura 10/11,Álvaro Maximiliano Arias,Rampla Juniors,1
2011,Clausura 10/11,Leonardo Melazzi,Danubio,1
2011,Clausura 10/11,Juan José Blanco,Wanderers,1
2011,Clausura 10/11,Gastón Filgueira,Cerro,1
2011,Clausura 10/11,Mauricio Ernesto Pereyra,Nacional,1
2011,Clausura 10/11,Fernando Sellanes,Fénix,1
2010,Clausura 09/10,Antonio Pacheco,Peñarol,23
2010,Clausura 09/10,Diego Ifrán,Danubio,16
2010,Clausura 09/10,Sergio Rubén Blanco,Nacional,13
2010,Clausura 09/10,Maureen Franco,Cerrito,13
2010,Clausura 09/10,Alfredo Nicolás Guevara,Rampla Juniors,13
2010,Clausura 09/10,Emiliano Alfaro,Liverpool,13
2010,Clausura 09/10,Martín Cauteruccio,Racing,12
2010,Clausura 09/10,Ignacio Risso,Defensor,11
2010,Clausura 09/10,Diego De Souza,Defensor,11
2010,Clausura 09/10,Rodrigo Mora,Cerro,9
2010,Clausura 09/10,Gustavo Antonio Varela,Nacional,9
2010,Clausura 09/10,Luis Machado,Tacuarembó,9
2010,Clausura 09/10,Pablo Daniel Gaglianone,Defensor,8
2010,Clausura 09/10,Jorge Zambrana,River Plate,8
2010,Clausura 09/10,Diego Rodriguez,Central Español,8
2010,Clausura 09/10,Fabricio Nuñez,Cerro Largo,8
2010,Clausura 09/10,Alejandro Martinuccio,Peñarol,8
2010,Clausura 09/10,Fabricio Núñez(No Usar),Cerro Largo,8
2010,Clausura 09/10,Jonathan Ramis,Peñarol,7
2010,Clausura 09/10,Ismael Sandor Espiga,Central Español,7
2010,Clausura 09/10,Néstor Fabián Silva,Racing,7
2010,Clausura 09/10,Federico Puppo,River Plate,7
2010,Clausura 09/10,Sebastián Jonathan Charquero,Wanderers,7
2010,Clausura 09/10,Marcelo Nicolás Lodeiro Benitez,Nacional,7
2010,Clausura 09/10,Mathias Mirabajes,Racing,7
2010,Clausura 09/10,Jorge Cristian Córdoba,River Plate,6
2010,Clausura 09/10,Elias Ricardo Figueroa,Liverpool,6
2010,Clausura 09/10,Jorge Rodríguez,River Plate,6
2010,Clausura 09/10,Mauricio Díaz,Liverpool,6
2010,Clausura 09/10,Gastón Ezequiel Ramírez,Peñarol,6
2010,Clausura 09/10,Julián Lalinde,Liverpool,6
2010,Clausura 09/10,Santiago Damián García,Nacional,6
2010,Clausura 09/10,Diego Martin Alonso,Peñarol,6
2010,Clausura 09/10,Jonathan Alexander Ramirez,Tacuarembó,6
2010,Clausura 09/10,Julián Perujo,Rampla Juniors,6
2010,Clausura 09/10,Diego Cardozo Barboza,Cerrito,6
2010,Clausura 09/10,Pablo Caballero,Cerro,6
2010,Clausura 09/10,Mario Ignacio Regueiro,Nacional,6
2010,Clausura 09/10,Rafael Refatti,Tacuarembó,5
2010,Clausura 09/10,Franco Ariel Sosa,Tacuarembó,5
2010,Clausura 09/10,Luciano Cardinali,Fénix,5
2010,Clausura 09/10,Danilo Javier Peinado,Wanderers,5
2010,Clausura 09/10,Carlos Grossmuller,Danubio,5
2010,Clausura 09/10,Álvaro Recoba,Danubio,5
2010,Clausura 09/10,Sebastián Balsas,Nacional,5
2010,Clausura 09/10,Darwin Ramírez,Central Español,5
2010,Clausura 09/10,Santiago Fosgt,Fénix,5
2010,Clausura 09/10,Matias Mier,Fénix,5
2010,Clausura 09/10,Juan Manuel Ortiz,Cerrito,5
2010,Clausura 09/10,Renzo Daniel Pozzi,Tacuarembó,4
2010,Clausura 09/10,Jonathan Soto,Cerro,4
2010,Clausura 09/10,Simón Vanderoeght,Wanderers,4
2010,Clausura 09/10,Andrés Leonardo Márquez,River Plate,4
2010,Clausura 09/10,Gerardo Alcoba,Peñarol,4
2010,Clausura 09/10,Matías Britos,Atenas,4
2010,Clausura 09/10,Jonathan Matías Urretaviscaya da Luz,Peñarol,4
2010,Clausura 09/10,Alejandro Mello,Cerro,4
2010,Clausura 09/10,Marcelo Fernando Guerrero,Defensor,4
2010,Clausura 09/10,Mathias Damián Riquero,Liverpool,4
2010,Clausura 09/10,Andrés Rodales,Liverpool,4
2010,Clausura 09/10,Alvaro Apolito,Cerro,4
2010,Clausura 09/10,Fernando Correa,River Plate,4
2010,Clausura 09/10,Jorge Ramirez,Central Español,4
2010,Clausura 09/10,Néstor Esteban Conde,Danubio,4
2010,Clausura 09/10,Carlos Antonio Aguiar,Fénix,4
2010,Clausura 09/10,Hamilton Ricard,Danubio,3
2010,Clausura 09/10,Álvaro Rafael González,Nacional,3
2010,Clausura 09/10,Liber Daniel Quiñones,Racing,3
2010,Clausura 09/10,Héctor Acuña,Liverpool,3
2010,Clausura 09/10,Marco Antonio García Nascimento,Atenas,3
2010,Clausura 09/10,Richard Aníbal Porta,River Plate,3
2010,Clausura 09/10,Pablo Olivera,Cerro Largo,3
2010,Clausura 09/10,Juan Ernesto Casado,Cerro Largo,3
2010,Clausura 09/10,Fabian Trujillo,Cerro,3
2010,Clausura 09/10,Diego Rafael Perrone,Central Español,3
2010,Clausura 09/10,Marcelo Silva,Danubio,3
2010,Clausura 09/10,Jean Pierre Barrientos,Racing,3
2010,Clausura 09/10,Sergio Perez,Central Español,3
2010,Clausura 09/10,Aldo Diaz,Liverpool,3
2010,Clausura 09/10,Facundo Escalante,Cerrito,3
2010,Clausura 09/10,Álvaro Damián Navarro,Defensor,3
2010,Clausura 09/10,Renzo Perez,Wanderers,3
2010,Clausura 09/10,Jonathan Lacerda,Wanderers,3
2010,Clausura 09/10,Fabrizio Ronchetti,Cerrito,3
2010,Clausura 09/10,Pablo Hernández,Defensor,3
2010,Clausura 09/10,Marcelo Fabián Méndez,Wanderers,3
2010,Clausura 09/10,Luis Oyarbide,Wanderers,3
2010,Clausura 09/10,Gastón Puerari,Wanderers,3
2010,Clausura 09/10,Pablo Meloño,Rampla Juniors,3
2010,Clausura 09/10,Matías Telechea,Atenas,3
2010,Clausura 09/10,Maximiliano Rodriguez,Wanderers,3
2010,Clausura 09/10,Santiago Bello,Atenas,2
2010,Clausura 09/10,Rony Flores,Atenas,2
2010,Clausura 09/10,Santiago Tabarez,Fénix,2
2010,Clausura 09/10,Hernán Figueredo,Liverpool,2
2010,Clausura 09/10,Paolo Giancarlo Patritti,Liverpool,2
2010,Clausura 09/10,Diego Daniel Vera,Nacional,2
2010,Clausura 09/10,Gabriel Marques de Andrade Pinto,River Plate,2
2010,Clausura 09/10,Daniel Alejandro Lembo,Nacional,2
2010,Clausura 09/10,Luigi Rodríguez,Cerro Largo,2
2010,Clausura 09/10,Jorge Luis Cazulo,Racing,2
2010,Clausura 09/10,Matias Rodriguez,Nacional,2
2010,Clausura 09/10,Abel Nazario,Wanderers,2
2010,Clausura 09/10,Rino Fabricio Lucas,Cerro Largo,2
2010,Clausura 09/10,José Pablo Varela,Atenas,2
2010,Clausura 09/10,Brian Lugo,River Plate,2
2010,Clausura 09/10,Abel Nazario,Cerro Largo,2
2010,Clausura 09/10,Alberto Martin Acosta,Cerrito,2
2010,Clausura 09/10,Juan Ferrés,River Plate,2
2010,Clausura 09/10,Nelson Eusebio Semperena,Central Español,2
2010,Clausura 09/10,Ernesto Goñi,Racing,2
2010,Clausura 09/10,Raúl Molina,Cerro,2
2010,Clausura 09/10,Román Marcelo Cuello,Racing,2
2010,Clausura 09/10,Gerardo Varela,Fénix,2
2010,Clausura 09/10,Tabaré Viudez,Defensor,2
2010,Clausura 09/10,Sebastián Coates,Nacional,2
2010,Clausura 09/10,Ángel Alejandro Morales,Nacional,2
2010,Clausura 09/10,Jorge Adrián García,Danubio,2
2010,Clausura 09/10,Emiliano Tellechea,Wanderers,2
2010,Clausura 09/10,Ezequiel Videla,Wanderers,2
2010,Clausura 09/10,John Varela,River Plate,2
2010,Clausura 09/10,Mathías Corujo,Wanderers,2
2010,Clausura 09/10,Rodrigo Cabrera,Defensor,2
2010,Clausura 09/10,Bryan Rodríguez,Peñarol,2
2010,Clausura 09/10,Claudio Martín Dadomo,Cerro,2
2010,Clausura 09/10,Sebastián Sánchez,Tacuarembó,2
2010,Clausura 09/10,Pablo Míguez,Danubio,2
2010,Clausura 09/10,Nicolás Andrés Nicolay,Tacuarembó,2
2010,Clausura 09/10,Fernando Martín Bonjour,Rampla Juniors,2
2010,Clausura 09/10,Alvaro Méndez,Rampla Juniors,2
2010,Clausura 09/10,Gerardo Rojas,Atenas,2
2010,Clausura 09/10,Marcelo Broli,Rampla Juniors,2
2010,Clausura 09/10,Bruno Montelongo,River Plate,2
2010,Clausura 09/10,Eduardo Fernandez,Atenas,2
2010,Clausura 09/10,Bruno Barreto González,Rampla Juniors,2
2010,Clausura 09/10,Mauricio Ernesto Pereyra,Nacional,1
2010,Clausura 09/10,Julio Fabián Mozzo Valdéz,Peñarol,1
2010,Clausura 09/10,Gianni Guigou,Nacional,1
2010,Clausura 09/10,Hernan Menosse,Atenas,1
2010,Clausura 09/10,Yoel Burgueño,Cerrito,1
2010,Clausura 09/10,Matías Cabrera,Nacional,1
2010,Clausura 09/10,Jorge Ramírez,Atenas,1
2010,Clausura 09/10,Ignacio Ithurralde,Peñarol,1
2010,Clausura 09/10,Darío Rodríguez,Peñarol,1
2010,Clausura 09/10,Matías Porcari,Danubio,1
2010,Clausura 09/10,Raúl Freddy Ferro,Nacional,1
2010,Clausura 09/10,Maximiliano Lombardi,Cerro,1
2010,Clausura 09/10,Marcelo Rodriguez,Central Español,1
2010,Clausura 09/10,Gaston Pagano,Cerro,1
2010,Clausura 09/10,Cristian Vaquero,Cerro,1
2010,Clausura 09/10,Fernando Alvez,Cerro,1
2010,Clausura 09/10,Matías Quagliotti,Wanderers,1
2010,Clausura 09/10,Paul Dzeruvs,Rampla Juniors,1
2010,Clausura 09/10,Matías Aguirregaray,Peñarol,1
2010,Clausura 09/10,Javier Benia,Rampla Juniors,1
2010,Clausura 09/10,Sergio Souza,Wanderers,1
2010,Clausura 09/10,Adrián Argachá,Wanderers,1
2010,Clausura 09/10,Vinicius de Ajaris Figueredo,Tacuarembó,1
2010,Clausura 09/10,Mariano Rubbo,Tacuarembó,1
2010,Clausura 09/10,Bosco Silvio Frontán,Peñarol,1
2010,Clausura 09/10,Alejandro Mello,Cerro,1
2010,Clausura 09/10,Gastón Linares,Central Español,1
2010,Clausura 09/10,Walter Horacio Peralta,Central Español,1
2010,Clausura 09/10,Fernando Curcio,Rampla Juniors,1
2010,Clausura 09/10,Julio Rodríguez,Wanderers,1
2010,Clausura 09/10,Sebastián Marcelo Suárez López,Cerro,1
2010,Clausura 09/10,Eduardo Aranda,Nacional,1
2010,Clausura 09/10,Oscar Javier Morales,Nacional,1
2010,Clausura 09/10,Luís Jesús Toscanini,Wanderers,1
2010,Clausura 09/10,Flavio Armando Córdoba,River Plate,1
2010,Clausura 09/10,Fernando Vega,Racing,1
2010,Clausura 09/10,René Martín Lima,Fénix,1
2010,Clausura 09/10,Santiago López Bruzzese,Wanderers,1
2010,Clausura 09/10,Egidio Arévalo Ríos,Peñarol,1
2010,Clausura 09/10,Alvaro Darío Alonso,Rampla Juniors,1
2010,Clausura 09/10,Wálter Fabián Coelho,Central Español,1
2010,Clausura 09/10,Alvaro Brum,Fénix,1
2010,Clausura 09/10,José Maria Franco,River Plate,1
2010,Clausura 09/10,Damian Suárez,Defensor,1
2010,Clausura 09/10,Gerardo Acosta,Cerro,1
2010,Clausura 09/10,Héctor Foletti,Cerrito,1
2010,Clausura 09/10,Peter Javier Vera,Rampla Juniors,1
2010,Clausura 09/10,Sergio Gonzalo Rodríguez,Danubio,1
2010,Clausura 09/10,Ribair Rodríguez,Danubio,1
2010,Clausura 09/10,Gaston Machado,Racing,1
2010,Clausura 09/10,Martín Cardozo,Fénix,1
2010,Clausura 09/10,Mathías Guzmán,Danubio,1
2010,Clausura 09/10,Diogo Malaquias da Silva,Tacuarembó,1
2010,Clausura 09/10,Ronaldo Conceicao,River Plate,1
2010,Clausura 09/10,Mario Rizotto,River Plate,1
2010,Clausura 09/10,Guillermo Maidana,Fénix,1
2010,Clausura 09/10,Diego Roberto Sosa,River Plate,1
2010,Clausura 09/10,Carlos Germán Macchi,Liverpool,1
2010,Clausura 09/10,Carlos Andrés Sánchez,Liverpool,1
2010,Clausura 09/10,Silvio Dorrego,Cerrito,1
2010,Clausura 09/10,Mauricio Bruzzone,Cerrito,1
2010,Clausura 09/10,Maximiliano Russo,Fénix,1
2010,Clausura 09/10,César Ceballos,Defensor,1
2010,Clausura 09/10,Maximiliano Córdoba,Liverpool,1
2010,Clausura 09/10,Nelson Techera,Cerrito,1
2010,Clausura 09/10,Héctor Matías Dos Santos Bueno,Tacuarembó,1
2010,Clausura 09/10,Alejandro Clever Reyes,Racing,1
2010,Clausura 09/10,Nicolás Pereira,Tacuarembó,1
2010,Clausura 09/10,Ricardo Queiro,Cerro,1
2010,Clausura 09/10,Gonzalo Piriz,Tacuarembó,1
2010,Clausura 09/10,Gonzalo Da Luz,Central Español,1
2010,Clausura 09/10,Agustín Peña,Wanderers,1
2010,Clausura 09/10,Alexander Silva,Central Español,1
2010,Clausura 09/10,Mauricio Prieto,River Plate,1
2010,Clausura 09/10,Derlis Javier Florentín Nogueira,Atenas,1
2010,Clausura 09/10,Héctor Martín Icart Atahídes,Rampla Juniors,1
2010,Clausura 09/10,Diego Ferreira,Defensor,1
2010,Clausura 09/10,Pablo Rodrigo Melo,Cerro,1
2010,Clausura 09/10,André Luis Rodrigues Lopes,River Plate,1
2010,Clausura 09/10,Daniel Leites,Cerro,1
2010,Clausura 09/10,Luís Ignacio Medina,Liverpool,1
2010,Clausura 09/10,Darío Larrosa,Racing,1
2010,Clausura 09/10,Marcel Román Núñez,Peñarol,1
2010,Clausura 09/10,Santiago Ostolaza,Racing,1
2010,Clausura 09/10,Gonzalo Daniel Lemes Rodríguez,Atenas,1
2010,Clausura 09/10,Richard Javier Pellejero,Cerro,1
2010,Clausura 09/10,Álvaro Maximiliano Arias,Fénix,1
2010,Clausura 09/10,Sebastián Taborda,Defensor,1
2010,Clausura 09/10,Andrés Silva,Danubio,1
2009,Clausura 08/09,Joaquín Boghossián,Cerro,16
2009,Clausura 08/09,Henry Damián Giménez,River,13
2009,Clausura 08/09,Sebastián Andrés Balsas,Racing,12
2009,Clausura 08/09,Alvaro Navarro,Defensor,12
2009,Clausura 08/09,Antonio Pacheco,Peñarol,12
2009,Clausura 08/09,Emiliano Alfaro,Liverpool,12
2009,Clausura 08/09,Santiago García,Nacional,12
2009,Clausura 08/09,Diego Ifrán,Danubio,11
2009,Clausura 08/09,Líber Daniel Quiñones,Racing,11
2009,Clausura 08/09,Diego De Souza,Defensor,10
2009,Clausura 08/09,Jorge Carlos Zambrana,River,10
2009,Clausura 08/09,Jonathan Charquero,Wanderers,10
2009,Clausura 08/09,Martín Crossa,Central Español,9
2009,Clausura 08/09,Diego Gonzalo Chaves,Wanderers,9
2009,Clausura 08/09,Paulo Pezzolano,Liverpool,9
2009,Clausura 08/09,Sergio Leal,Danubio,9
2009,Clausura 08/09,Richard Núñez,Peñarol,8
2009,Clausura 08/09,Sergio Blanco,Nacional,8
2009,Clausura 08/09,Gustavo Biscayzacú,Nacional,8
2009,Clausura 08/09,Leonardo Rivero,Cerro Largo,7
2009,Clausura 08/09,Carlos Heber Bueno,Peñarol,7
2009,Clausura 08/09,José María Franco,Peñarol,7
2009,Clausura 08/09,Jonathan Blanes,Racing,7
2009,Clausura 08/09,Elías Figueroa,Liverpool,7
2009,Clausura 08/09,Claudio Martín Dadomo,Cerro,7
2009,Clausura 08/09,Diego Silva,River,7
2009,Clausura 08/09,Fabian Coelho,Central Español,7
2009,Clausura 08/09,Alvaro Fernandez,Nacional,6
2009,Clausura 08/09,Mauro Adrián Vila,Defensor,6
2009,Clausura 08/09,William Ferreira,Defensor,6
2009,Clausura 08/09,Alexander Medina,Nacional,6
2009,Clausura 08/09,Luigi Rodríguez,Cerro Largo,6
2009,Clausura 08/09,Diego Rafael Perrone,Danubio,6
2009,Clausura 08/09,Aldo Diaz,Bella Vista,6
2009,Clausura 08/09,Matías Brito,Juventud,6
2009,Clausura 08/09,Mauren Franco,Tacuarembó,6
2009,Clausura 08/09,Pablo Eduardo Caballero,Cerro,6
2009,Clausura 08/09,Diego Vera,Defensor,6
2009,Clausura 08/09,Pablo Hernández,Racing,5
2009,Clausura 08/09,Julian Perujo,Rampla Juniors,5
2009,Clausura 08/09,Sergio Souza,River,5
2009,Clausura 08/09,Luis Machado,Tacuarembó,5
2009,Clausura 08/09,Santiago López,Wanderers,5
2009,Clausura 08/09,Dean Silvera,Cerro Largo,5
2009,Clausura 08/09,Jorge García,Danubio,5
2009,Clausura 08/09,Rodrigo Mora,Defensor,4
2009,Clausura 08/09,Christian Apraham Yeladian,Juventud,4
2009,Clausura 08/09,Hernán Figueredo,Villa Española,4
2009,Clausura 08/09,Jorge Fabián Trujillo,Cerro,4
2009,Clausura 08/09,Braian Rodríguez,Peñarol,4
2009,Clausura 08/09,Mauricio Victorino,Nacional,4
2009,Clausura 08/09,Alfredo Guevara,Rampla Juniors,4
2009,Clausura 08/09,Gaston Puerari,Rampla Juniors,4
2009,Clausura 08/09,Pablo Antonio Pallante,Cerro,4
2009,Clausura 08/09,Francisco Rolando Silva,Central Español,4
2009,Clausura 08/09,Nicolas Lodeiro,Nacional,4
2009,Clausura 08/09,Matias Perez,Danubio,4
2009,Clausura 08/09,Danilo Peinado,Liverpool,4
2009,Clausura 08/09,Darío Larrosa,Racing,4
2009,Clausura 08/09,Pablo Meloño,River,4
2009,Clausura 08/09,Julián Lalinde,Liverpool,4
2009,Clausura 08/09,Rony Flores,Bella Vista,3
2009,Clausura 08/09,Pablo Pintos,Defensor,3
2009,Clausura 08/09,Aldo Fabián Díaz,Tacuarembó,3
2009,Clausura 08/09,Federico Dominguez,Nacional,3
2009,Clausura 08/09,Rodrigo Vázquez,Liverpool,3
2009,Clausura 08/09,Jonathan Laserda,Wanderers,3
2009,Clausura 08/09,Hernán Figueredo,Bella Vista,3
2009,Clausura 08/09,Rino Lucas,Cerro Largo,3
2009,Clausura 08/09,Pablo Olivera,Cerro Largo,3
2009,Clausura 08/09,Sergio Pérez,Cerro,3
2009,Clausura 08/09,Adrián Marcelo Romero,Nacional,3
2009,Clausura 08/09,Matías Cabrera,Cerro,3
2009,Clausura 08/09,Diego Martiñónes,Tacuarembó,3
2009,Clausura 08/09,Maximiliano Daniel Pérez,Defensor,3
2009,Clausura 08/09,Sebastian Merlo,Rampla Juniors,3
2009,Clausura 08/09,Pablo Torres,Racing,3
2009,Clausura 08/09,Nicolás Correa,Liverpool,3
2009,Clausura 08/09,Junior Aliberti,Cerro,3
2009,Clausura 08/09,Jesús Darwin Ramírez,Central Español,3
2009,Clausura 08/09,Ruben Cecco,Bella Vista,3
2009,Clausura 08/09,Abel Mathías Hernández,Peñarol,3
2009,Clausura 08/09,Sebastián Coates,Nacional,3
2009,Clausura 08/09,Nestor Silva,Racing,3
2009,Clausura 08/09,Andrés Rodríguez,Cerro,2
2009,Clausura 08/09,Mauricio Ruiz,Cerro Largo,2
2009,Clausura 08/09,Jonathan Ramis,Peñarol,2
2009,Clausura 08/09,Agustin Viana,Bella Vista,2
2009,Clausura 08/09,Carlos Díaz,Defensor,2
2009,Clausura 08/09,Walt Baez,Bella Vista,2
2009,Clausura 08/09,Hernan Perez,Rampla Juniors,2
2009,Clausura 08/09,Jonathan Pérez,Wanderers,2
2009,Clausura 08/09,Leandro Silva,River,2
2009,Clausura 08/09,Enrique Meza,Juventud,2
2009,Clausura 08/09,Héctor Alvarez,Wanderers,2
2009,Clausura 08/09,Claudio Mirabaje,Racing,2
2009,Clausura 08/09,Braian Damián Rodríguez,Tacuarembó,2
2009,Clausura 08/09,Rodrigo Nicolás Brasesco,Racing,2
2009,Clausura 08/09,Marcelo Palau,Rampla Juniors,2
2009,Clausura 08/09,Hamilton Pereira,Tacuarembó,2
2009,Clausura 08/09,Alejandro Reyes,Bella Vista,2
2009,Clausura 08/09,Danilo Asconeguy,Peñarol,2
2009,Clausura 08/09,Mauricio Prieto,River,2
2009,Clausura 08/09,Marcelo Sebastián Regueiro,Cerro,2
2009,Clausura 08/09,Pablo Daniel Gaglianone,Nacional,2
2009,Clausura 08/09,Bruno Montelongo,River,2
2009,Clausura 08/09,Carlos Andrés Rodales,Liverpool,2
2009,Clausura 08/09,Marcelo Tejera,Liverpool,2
2009,Clausura 08/09,Rodrigo Martín Muñoz,Cerro,2
2009,Clausura 08/09,Roberto Sebastián Brum,Nacional,2
2009,Clausura 08/09,Alvaro Alonso,Rampla Juniors,2
2009,Clausura 08/09,Sebastián Marcelo Suárez,Cerro,2
2009,Clausura 08/09,Héctor Ignacio La Luz,Central Español,2
2009,Clausura 08/09,Luis Ignacio Medina,Peñarol,2
2009,Clausura 08/09,Jorge Luis Cazulo,Nacional,2
2009,Clausura 08/09,Enzo Scorza,Danubio,2
2009,Clausura 08/09,Damián Malrrechaufe,Danubio,2
2009,Clausura 08/09,Néstor Esteban Conde,Danubio,2
2009,Clausura 08/09,Sergio Gonzalo Rodríguez,Danubio,2
2009,Clausura 08/09,Marcelo Ferreira,Villa Española,2
2009,Clausura 08/09,Pablo Melo,Cerro,2
2009,Clausura 08/09,Héctor Baltasar Silva,Tacuarembó,2
2009,Clausura 08/09,Matías Nicolás Pereyra,Tacuarembó,2
2009,Clausura 08/09,Jorge Martín Rodríguez,River,2
2009,Clausura 08/09,Marcelo Palau,Wanderers,2
2009,Clausura 08/09,Mauricio Sebastián Díaz,Cerro Largo,2
2009,Clausura 08/09,Marcelo Durán,Central Español,2
2009,Clausura 08/09,Pablo Di Fiori,Juventud,2
2009,Clausura 08/09,Juan Pablo Rodríguez,Racing,2
2009,Clausura 08/09,Ernesto Goñi,Racing,2
2009,Clausura 08/09,Javier Benia,Juventud,2
2009,Clausura 08/09,Ismael González,Juventud,2
2009,Clausura 08/09,Gonzalo Da Luz,Central Español,1
2009,Clausura 08/09,Leandro Ezquerra,River,1
2009,Clausura 08/09,Matias Cresceri,Bella Vista,1
2009,Clausura 08/09,Sebastian Sanchez,Tacuarembó,1
2009,Clausura 08/09,Marcelo Martucello,Bella Vista,1
2009,Clausura 08/09,Alvaro Ricci,Rampla Juniors,1
2009,Clausura 08/09,William Klingender,River,1
2009,Clausura 08/09,Martin Rodriguez,Nacional,1
2009,Clausura 08/09,Zinho,Villa Española,1
2009,Clausura 08/09,Diego Scotti,Racing,1
2009,Clausura 08/09,Pablo Pereira,Rampla Juniors,1
2009,Clausura 08/09,Horacio Peralta,Cerro,1
2009,Clausura 08/09,Nicolás Nicolay,River,1
2009,Clausura 08/09,Alvaro Méndez,Juventud,1
2009,Clausura 08/09,Claudio Rodríguez,Rampla Juniors,1
2009,Clausura 08/09,Juan Silva Cerón,Rampla Juniors,1
2009,Clausura 08/09,Hernan Perez,Rampla Juniors,1
2009,Clausura 08/09,Diego Gonzalez,Cerro Largo,1
2009,Clausura 08/09,Sergio Pérez,Central Español,1
2009,Clausura 08/09,Antonio Fernández,Juventud,1
2009,Clausura 08/09,Pablo Munhoz,Juventud,1
2009,Clausura 08/09,Martín Bonjour,Rampla Juniors,1
2009,Clausura 08/09,Matías Quagliotti,Wanderers,1
2009,Clausura 08/09,Walter Ibáñez,Defensor,1
2009,Clausura 08/09,Nicolás Schenone,Cerro Largo,1
2009,Clausura 08/09,Marco Antonio Garcia,Defensor,1
2009,Clausura 08/09,Pablo capellini,Bella Vista,1
2009,Clausura 08/09,Marcos Mondaini,Nacional,1
2009,Clausura 08/09,Jorge Córdoba,River,1
2009,Clausura 08/09,Martín Peula,Rampla Juniors,1
2009,Clausura 08/09,Octavio Sequeira,Tacuarembó,1
2009,Clausura 08/09,Nathaniel Revetria,River,1
2009,Clausura 08/09,Héctor Federico Vega,Racing,1
2009,Clausura 08/09,Sebastián Rodrigo Martínez,Cerro,1
2009,Clausura 08/09,Fernando Edgardo Correa,Peñarol,1
2009,Clausura 08/09,Diego Ferreira,Defensor,1
2009,Clausura 08/09,Paolo Giancarlo Patritti,Liverpool,1
2009,Clausura 08/09,Diego Roberto Sosa,River,1
2009,Clausura 08/09,Sergio Damián Santín,Villa Española,1
2009,Clausura 08/09,Alberto Yamandú Silva,Cerro Largo,1
2009,Clausura 08/09,Maximiliano Lombardi,Peñarol,1
2009,Clausura 08/09,Octavio Darío Rodríguez,Peñarol,1
2009,Clausura 08/09,Gastón Filgueira,Nacional,1
2009,Clausura 08/09,Emiliano Tellechea,Wanderers,1
2009,Clausura 08/09,Eduardo Aranda,Liverpool,1
2009,Clausura 08/09,Sebastián Puchetta,Juventud,1
2009,Clausura 08/09,Pablo Sebastián Rodríguez,Tacuarembó,1
2009,Clausura 08/09,Juan Francisco Ferreri,Central Español,1
2009,Clausura 08/09,Nelson Semperena,Central Español,1
2009,Clausura 08/09,Javier Delgado,Danubio,1
2009,Clausura 08/09,Nicolás López,Racing,1
2009,Clausura 08/09,Oscar Javier Morales,Nacional,1
2009,Clausura 08/09,Richard Pellejero,Cerro,1
2009,Clausura 08/09,Hugo Fernando Souza,Cerro Largo,1
2009,Clausura 08/09,Ronaldo,River,1
2009,Clausura 08/09,Víctor Adrián Fagúndez,Wanderers,1
2009,Clausura 08/09,Ribaír Rodríguez,Danubio,1
2009,Clausura 08/09,Sergio Maximiliano Pérez,Tacuarembó,1
2009,Clausura 08/09,Alvaro Maximiliano Arias,Peñarol,1
2009,Clausura 08/09,Daley Yesid Mena,Danubio,1
2009,Clausura 08/09,Ederson Fofonka,Defensor,1
2009,Clausura 08/09,Christian Washington Núñez,Cerro,1
2009,Clausura 08/09,Raúl César Molina,Cerro,1
2009,Clausura 08/09,Gastón Machado,Danubio,1
2009,Clausura 08/09,Mauricio Rosa,Rampla Juniors,1
2009,Clausura 08/09,Gonzalo Castro,Rampla Juniors,1
2009,Clausura 08/09,Julian Ruelli,Liverpool,1
2009,Clausura 08/09,Carlos Avelino,Bella Vista,1
2009,Clausura 08/09,Pablo Caballero,Nacional,1
2009,Clausura 08/09,Cristian Olivera,Villa Española,1
2009,Clausura 08/09,Victor Guadalupe,Rampla Juniors,1
2009,Clausura 08/09,Michel Acosta,Liverpool,1
2009,Clausura 08/09,Federico Laens,Wanderers,1
2009,Clausura 08/09,Diego Vitabar,River,1
2009,Clausura 08/09,Facundo Martinez,Rampla Juniors,1
2009,Clausura 08/09,Juan Jose Tancredi,Bella Vista,1
2009,Clausura 08/09,Daniel Hernandez,Villa Española,1
2009,Clausura 08/09,Washington Camacho,Bella Vista,1
2009,Clausura 08/09,Jorge Alvez,Bella Vista,1
2009,Clausura 08/09,Renzo Daniel Pozzi,Tacuarembó,1
2009,Clausura 08/09,Maximiliano Dornell,Juventud,1
2009,Clausura 08/09,José Ortiz,Wanderers,1
2009,Clausura 08/09,Mathías Corujo,Wanderers,1
2009,Clausura 08/09,Pablo Miguez,Danubio,1
2009,Clausura 08/09,Víctor Hugo Martínez,Central Español,1
2009,Clausura 08/09,Miguel De Souza,Cerro Largo,1
2009,Clausura 08/09,Miguel Murillo,Juventud,1
2009,Clausura 08/09,Bruno Terra,Central Español,1
2009,Clausura 08/09,Jonathan Techera,Defensor,1
2009,Clausura 08/09,Jorge Curbello,Defensor,1
2009,Clausura 08/09,Jonatan Ramírez,Tacuarembó,1
2009,Clausura 08/09,Jonathan Larrosa,Villa Española,1
2009,Clausura 08/09,Carlos María Morales,Wanderers,1
2009,Clausura 08/09,Angel Alejandro Morales,Nacional,1
2009,Clausura 08/09,Matías Quagliotti,Bella Vista,1
2012,Apertura 11/12,Marcelo Zalayeta,Peñarol,8
2012,Apertura 11/12,Emiliano Alfaro,Liverpool,7
2012,Apertura 11/12,Alexander Jesús Medina,Nacional,6
2012,Apertura 11/12,Richard Núñez,Rampla Juniors,6
2012,Apertura 11/12,Joao Pedro Geraldino dos Santos Galvao,Peñarol,6
2012,Apertura 11/12,Pablo Olivera,River Plate,6
2012,Apertura 11/12,Ignacio Risso,Defensor,5
2012,Apertura 11/12,Antonio Pacheco,Wanderers,5
2012,Apertura 11/12,Aníbal Hernández,Racing,5
2012,Apertura 11/12,Álvaro Recoba,Nacional,5
2012,Apertura 11/12,Juan Manuel Ortiz,Fénix,5
2012,Apertura 11/12,Gonzalo Mastrianni,Cerro,5
2012,Apertura 11/12,Nicolás Royón,Liverpool,5
2012,Apertura 11/12,Brahian Alemán,Defensor,5
2012,Apertura 11/12,Gaston Machado,El Tanque Sisley,5
2012,Apertura 11/12,Richard Mercado Corozo,Wanderers,4
2012,Apertura 11/12,Santiago Silva,Peñarol,4
2012,Apertura 11/12,Tabaré Viudez,Nacional,4
2012,Apertura 11/12,Antonio Joaquín Boghossian,Nacional,4
2012,Apertura 11/12,Sebastián Sosa,Cerro Largo,4
2012,Apertura 11/12,Gonzalo Diego Bueno,Nacional,4
2012,Apertura 11/12,Marcelo Fabián Méndez,Wanderers,4
2012,Apertura 11/12,Matías Britos,Defensor,4
2012,Apertura 11/12,Marcos Neves,Cerro Largo,4
2012,Apertura 11/12,Alvaro Alejandro Mello,Danubio,3
2012,Apertura 11/12,Yoel Burgueño,Cerrito,3
2012,Apertura 11/12,Diego Rafael Perrone,Danubio,3
2012,Apertura 11/12,Richard Aníbal Porta,Nacional,3
2012,Apertura 11/12,Mauricio Alonso,Cerro,3
2012,Apertura 11/12,Maureen Franco,River Plate,3
2012,Apertura 11/12,Sebastián Rosano,Peñarol,3
2012,Apertura 11/12,Nelson Martín Crossa,Racing,3
2012,Apertura 11/12,Mathías Guzmán,Danubio,3
2012,Apertura 11/12,Mathías Nicolás Abero,Nacional,3
2012,Apertura 11/12,Gabriel Leyes,River Plate,3
2012,Apertura 11/12,Gaston Rodriguez,Wanderers,3
2012,Apertura 11/12,Rino Fabricio Lucas,Cerro Largo,3
2012,Apertura 11/12,Rubén Carlos Planchon,Rentistas,3
2012,Apertura 11/12,Gaston Giménez,Rentistas,2
2012,Apertura 11/12,Guillermo de los Santos,Cerro,2
2012,Apertura 11/12,Hernan Novick,Fénix,2
2012,Apertura 11/12,José Pablo Varela,Bella Vista,2
2012,Apertura 11/12,Matías Telechea,Cerro Largo,2
2012,Apertura 11/12,Carlos Daniel Acosta,Racing,2
2012,Apertura 11/12,Danilo Moreno Asprilla,Rampla Juniors,2
2012,Apertura 11/12,Cristian Ortíz,Racing,2
2012,Apertura 11/12,Nicolas Lopez,El Tanque Sisley,2
2012,Apertura 11/12,Walter Alberto López,Peñarol,2
2012,Apertura 11/12,Darío Rodríguez,Peñarol,2
2012,Apertura 11/12,Pablo Daniel Gaglianone,River Plate,2
2012,Apertura 11/12,Ignacio González,El Tanque Sisley,2
2012,Apertura 11/12,Miguel Murillo,El Tanque Sisley,2
2012,Apertura 11/12,Néstor Fabián Silva,Danubio,2
2012,Apertura 11/12,Ismael Sandor Espiga,Rampla Juniors,2
2012,Apertura 11/12,Federico Puppo,Danubio,2
2012,Apertura 11/12,Maximiliano Rodriguez,Wanderers,2
2012,Apertura 11/12,Federico Gomez,Racing,2
2012,Apertura 11/12,Adolfo Lima,Cerro Largo,2
2012,Apertura 11/12,Damián Malrrechaufe,Danubio,2
2012,Apertura 11/12,Manuel Fernandez,Racing,2
2012,Apertura 11/12,Mathias Mirabajes,Wanderers,2
2012,Apertura 11/12,Maximiliano Callorda,Defensor,2
2012,Apertura 11/12,Iván Pailós,Cerrito,2
2012,Apertura 11/12,Marcelo Fernandez,Rentistas,2
2012,Apertura 11/12,Luciano Cardinali,Fénix,2
2012,Apertura 11/12,Maximiliano Perez,Cerro Largo,2
2012,Apertura 11/12,Danilo Pires,River Plate,2
2012,Apertura 11/12,Leonel Leonardo Pilipauskas,Fénix,1
2012,Apertura 11/12,Diego Zabala,Racing,1
2012,Apertura 11/12,Janderson Kione Pereira Rodrigues,River Plate,1
2012,Apertura 11/12,Washington Tais Bidegaín,Danubio,1
2012,Apertura 11/12,Gonzalo Ramírez,El Tanque Sisley,1
2012,Apertura 11/12,Nicolás Núñez,Cerrito,1
2012,Apertura 11/12,Mathias Saavedra,El Tanque Sisley,1
2012,Apertura 11/12,Fernando Redondo,Cerrito,1
2012,Apertura 11/12,Nelson Techera,Cerrito,1
2012,Apertura 11/12,Diego Rolán,Defensor,1
2012,Apertura 11/12,Gonzalo Pizzichillo,El Tanque Sisley,1
2012,Apertura 11/12,Rodrigo Cubilla,Rampla Juniors,1
2012,Apertura 11/12,Marcos Otegui,Cerro Largo,1
2012,Apertura 11/12,Ramón Gines Arias,Defensor,1
2012,Apertura 11/12,Emilio Mac Eachen,Peñarol,1
2012,Apertura 11/12,Andrés Nicolás Olivera,Defensor,1
2012,Apertura 11/12,Rodrigo Cabrera,River Plate,1
2012,Apertura 11/12,Jonathan Barboza,Liverpool,1
2012,Apertura 11/12,Federico Pintos,Defensor,1
2012,Apertura 11/12,Willinton Techera,Rampla Juniors,1
2012,Apertura 11/12,Gastón Otreras,Bella Vista,1
2012,Apertura 11/12,Héctor Foletti,Cerrito,1
2012,Apertura 11/12,Gustavo Antonio Varela,Cerro,1
2012,Apertura 11/12,Elias Ricardo Figueroa,Liverpool,1
2012,Apertura 11/12,Carlos Germán Macchi,Liverpool,1
2012,Apertura 11/12,Hernán Figueredo,Liverpool,1
2012,Apertura 11/12,Rodrigo Canosa,Cerrito,1
2012,Apertura 11/12,Mauricio Prieto,River Plate,1
2012,Apertura 11/12,Julián Lalinde,Liverpool,1
2012,Apertura 11/12,Diego Ferreira,Defensor,1
2012,Apertura 11/12,Danilo Coccaro,Rentistas,1
2012,Apertura 11/12,Sebastián Taborda,River Plate,1
2012,Apertura 11/12,Martín Cardozo,Fénix,1
2012,Apertura 11/12,Gonzalo Papa,Fénix,1
2012,Apertura 11/12,Dani Tejera,Racing,1
2012,Apertura 11/12,Oscar Javier Morales,Cerro,1
2012,Apertura 11/12,Gonzalo Aguilar,Racing,1
2012,Apertura 11/12,Gonzalo Fabián Porras,River Plate,1
2012,Apertura 11/12,Leandro Ezquerra,El Tanque Sisley,1
2012,Apertura 11/12,Luis Machado,Cerro,1
2012,Apertura 11/12,Alfredo Nicolás Guevara,Rampla Juniors,1
2012,Apertura 11/12,Emiliano Albín,Peñarol,1
2012,Apertura 11/12,Matías Porcari,Fénix,1
2012,Apertura 11/12,Matías Zunino,Danubio,1
2012,Apertura 11/12,Marcelo Andrés Martuciello,Bella Vista,1
2012,Apertura 11/12,Javier Cabrera,Wanderers,1
2012,Apertura 11/12,Nicolás Pereira,River Plate,1
2012,Apertura 11/12,Sebastián Píriz,Danubio,1
2012,Apertura 11/12,Ignacio Nicolini,Bella Vista,1
2012,Apertura 11/12,Esteban Fernando Maga,Bella Vista,1
2012,Apertura 11/12,Ramón Giambiaggi,Rentistas,1
2012,Apertura 11/12,Agustín Viana,Bella Vista,1
2012,Apertura 11/12,Omar Pérez,Cerro,1
2012,Apertura 11/12,Guzmán Pereira,Wanderers,1
2012,Apertura 11/12,Andres Rodriguez,Bella Vista,1
2012,Apertura 11/12,Alejandro Silva,Fénix,1
2012,Apertura 11/12,José Ignacio Pallas,Fénix,1
2012,Apertura 11/12,Leonardo Melazzi,Danubio,1
2012,Apertura 11/12,Paul Dzeruvs,Rampla Juniors,1
2012,Apertura 11/12,Diego Martín Rodríguez,Defensor,1
2012,Apertura 11/12,Alejandro Damián González,Peñarol,1
2012,Apertura 11/12,Bosco Silvio Frontán,Bella Vista,1
2012,Apertura 11/12,Federico Domínguez,Wanderers,1
2012,Apertura 11/12,Wanderson Silvera,Rentistas,1
2012,Apertura 11/12,Marcelo Fabián Sosa,Racing,1
2012,Apertura 11/12,Edison Torres,Peñarol,1
2012,Clausura 11/12,Richard Aníbal Porta,Nacional,14
2012,Clausura 11/12,Diego Daniel Vera,Liverpool,13
2012,Clausura 11/12,Sebastián Taborda,River Plate,11
2012,Clausura 11/12,Rino Fabricio Lucas,Cerro Largo,11
2012,Clausura 11/12,Rodrigo Mora,Peñarol,10
2012,Clausura 11/12,Andrés Nicolás Olivera,Defensor,10
2012,Clausura 11/12,Diego Martiñones,Danubio,10
2012,Clausura 11/12,Rodrigo Pastorini,Racing,8
2012,Clausura 11/12,Marcelo Zalayeta,Peñarol,7
2012,Clausura 11/12,Mauro Guevgeozian,Fénix,7
2012,Clausura 11/12,Pablo Olivera,River Plate,6
2012,Clausura 11/12,Gonzalo Mastrianni,Cerro,6
2012,Clausura 11/12,Fabián Estoyanoff,Peñarol,6
2012,Clausura 11/12,Luís Bernardo Aguiar,Peñarol,6
2012,Clausura 11/12,Antonio Pacheco,Wanderers,5
2012,Clausura 11/12,Carlos Nuñez,Liverpool,5
2012,Clausura 11/12,Sergio Rubén Blanco,Wanderers,5
2012,Clausura 11/12,Sebastián Sosa,Cerro Largo,5
2012,Clausura 11/12,Richard Mercado Corozo,Wanderers,5
2012,Clausura 11/12,Nelson Martín Crossa,Racing,4
2012,Clausura 11/12,Federico Pintos,Defensor,4
2012,Clausura 11/12,Gaston Machado,El Tanque Sisley,4
2012,Clausura 11/12,Diego Ferreira,Defensor,4
2012,Clausura 11/12,Pablo Pereira,Liverpool,4
2012,Clausura 11/12,Sebastián Fernández,Danubio,4
2012,Clausura 11/12,Javier Guarino,Bella Vista,4
2012,Clausura 11/12,Federico Laens,Bella Vista,4
2012,Clausura 11/12,Maximiliano Brito,Rampla Juniors,4
2012,Clausura 11/12,Héctor Fabián Acuña,Cerrito,4
2012,Clausura 11/12,Richard Núñez,Rampla Juniors,4
2012,Clausura 11/12,Miguel Murillo,El Tanque Sisley,3
2012,Clausura 11/12,José Pablo Varela,Bella Vista,3
2012,Clausura 11/12,Aníbal Hernández,Racing,3
2012,Clausura 11/12,Matías Vecino,Nacional,3
2012,Clausura 11/12,José Ignacio Pallas,Fénix,3
2012,Clausura 11/12,Maximiliano Pérez,Peñarol,3
2012,Clausura 11/12,Matías Cabrera,Nacional,3
2012,Clausura 11/12,Alexis Rolín,Nacional,3
2012,Clausura 11/12,Álvaro Recoba,Nacional,3
2012,Clausura 11/12,Jonathan Sandoval,Wanderers,3
2012,Clausura 11/12,Maximiliano Rodriguez,Wanderers,3
2012,Clausura 11/12,Hernán Figueredo,Liverpool,3
2012,Clausura 11/12,Alfredo Nicolás Guevara,Cerro Largo,3
2012,Clausura 11/12,Danilo Coccaro,Rentistas,3
2012,Clausura 11/12,Marcelo Fernando Guerrero,Cerrito,3
2012,Clausura 11/12,Ignacio Risso,Defensor,3
2012,Clausura 11/12,Cecilio Waterman,Fénix,2
2012,Clausura 11/12,Gonzalo Diego Bueno,Nacional,2
2012,Clausura 11/12,Cristian Ortíz,Racing,2
2012,Clausura 11/12,Santiago López Bruzzese,Rentistas,2
2012,Clausura 11/12,Darío Rodríguez,Peñarol,2
2012,Clausura 11/12,Janderson Kione Pereira Rodrigues,River Plate,2
2012,Clausura 11/12,Luis Machado,Cerro,2
2012,Clausura 11/12,Santiago Silva,Peñarol,2
2012,Clausura 11/12,Luis Alberto Torrecilla,River Plate,2
2012,Clausura 11/12,Guillermo de los Santos,Cerro,2
2012,Clausura 11/12,Gonzalo Ramírez,El Tanque Sisley,2
2012,Clausura 11/12,Marcelo Andrés Silva,Peñarol,2
2012,Clausura 11/12,Carlos Daniel Acosta,Racing,2
2012,Clausura 11/12,Danilo Moreno Asprilla,Rampla Juniors,2
2012,Clausura 11/12,Leonardo Andrés Medina,Cerro,2
2012,Clausura 11/12,Alexander Jesús Medina,Nacional,2
2012,Clausura 11/12,Tabaré Viudez,Nacional,2
2012,Clausura 11/12,Francisco Molina,Cerrito,2
2012,Clausura 11/12,Elias Ricardo Figueroa,Liverpool,2
2012,Clausura 11/12,Maureen Franco,River Plate,2
2012,Clausura 11/12,Matías Britos,Defensor,2
2012,Clausura 11/12,Pablo Daniel Pereira,El Tanque Sisley,2
2012,Clausura 11/12,Paul Dzeruvs,Rampla Juniors,2
2012,Clausura 11/12,Juan Ramón Curbelo Garis,Wanderers,2
2012,Clausura 11/12,Marcelo Fernandez,Rentistas,2
2012,Clausura 11/12,Sergio Gonzalo Rodríguez,Wanderers,2
2012,Clausura 11/12,Adolfo Lima,Cerro Largo,2
2012,Clausura 11/12,Felipe Ely Klein,Cerro Largo,2
2012,Clausura 11/12,Juan Carlos Amado,Defensor,2
2012,Clausura 11/12,César Falletti,Cerro,1
2012,Clausura 11/12,Diego Rolán,Defensor,1
2012,Clausura 11/12,Cristián Yeladian,Danubio,1
2012,Clausura 11/12,Domínguez Federico,Racing,1
2012,Clausura 11/12,Michael Santos,River Plate,1
2012,Clausura 11/12,Gonzalo Pizzichillo,El Tanque Sisley,1
2012,Clausura 11/12,Diego Denis,Cerro,1
2012,Clausura 11/12,Ismael González,Cerrito,1
2012,Clausura 11/12,Christian Washington Nuñez,Nacional,1
2012,Clausura 11/12,Rodrigo Huerta,Cerrito,1
2012,Clausura 11/12,Cristian Mario González,River Plate,1
2012,Clausura 11/12,Marcelo Adrian Mansilla,Liverpool,1
2012,Clausura 11/12,Manuel Fernandez,Racing,1
2012,Clausura 11/12,Felipe Avenatti,River Plate,1
2012,Clausura 11/12,Matías Abisab,Bella Vista,1
2012,Clausura 11/12,Jonathan Barboza,Liverpool,1
2012,Clausura 11/12,Nelson Techera,Cerrito,1
2012,Clausura 11/12,Andrés Nicolás Freitas,Peñarol,1
2012,Clausura 11/12,Raul Echandia,Cerro Largo,1
2012,Clausura 11/12,Juan Carlos Parra,Cerrito,1
2012,Clausura 11/12,Renato César,Nacional,1
2012,Clausura 11/12,Sebastián Cristóforo,Peñarol,1
2012,Clausura 11/12,Rodrigo de Oliveira,Cerro Largo,1
2012,Clausura 11/12,Darwin Ramirez,El Tanque Sisley,1
2012,Clausura 11/12,Héctor Martín Icart Atahídes,River Plate,1
2012,Clausura 11/12,Facundo Piriz,Nacional,1
2012,Clausura 11/12,Jonathan Ramis,Fénix,1
2012,Clausura 11/12,Diego Rafael Perrone,Danubio,1
2012,Clausura 11/12,Andrés Pablo Fernández2,Danubio,1
2012,Clausura 11/12,Román Marcelo Cuello,Fénix,1
2012,Clausura 11/12,Hernan Novick,Fénix,1
2012,Clausura 11/12,Rodrigo Rojo,Rampla Juniors,1
2012,Clausura 11/12,Alejandro Silva,Fénix,1
2012,Clausura 11/12,Diego Martín Rodríguez,Defensor,1
2012,Clausura 11/12,Maximiliano Calzada,Nacional,1
2012,Clausura 11/12,Rodrigo Canosa,Rampla Juniors,1
2012,Clausura 11/12,Javier Benia,Rampla Juniors,1
2012,Clausura 11/12,Bruno Barreto González,Rampla Juniors,1
2012,Clausura 11/12,Néstor Emanuel Moiraghi,Defensor,1
2012,Clausura 11/12,Jorge Zambrana,Peñarol,1
2012,Clausura 11/12,John Varela,River Plate,1
2012,Clausura 11/12,Gastón Puerari,Defensor,1
2012,Clausura 11/12,Ismael Sandor Espiga,Rampla Juniors,1
2012,Clausura 11/12,Andrés Ravecca,Cerro,1
2012,Clausura 11/12,Rubén Carlos Planchon,Rentistas,1
2012,Clausura 11/12,Jorge Adrián García,Cerro,1
2012,Clausura 11/12,Eduardo Daniel Mieres,Cerro,1
2012,Clausura 11/12,Maximiliano Callorda,Defensor,1
2012,Clausura 11/12,Jonathan Iglesias,Rentistas,1
2012,Clausura 11/12,Sebastián Vázquez,Cerro Largo,1
2012,Clausura 11/12,Gabriel Alvez,Rampla Juniors,1
2012,Clausura 11/12,Alvaro Alejandro Mello,Danubio,1
2012,Clausura 11/12,Brahian Alemán,Defensor,1
2012,Clausura 11/12,Leonel Leonardo Pilipauskas,Bella Vista,1
2012,Clausura 11/12,Sergio Damían Santín,Bella Vista,1
2012,Clausura 11/12,Heber Collazo,Bella Vista,1
2012,Clausura 11/12,Gonzalo Curbelo,El Tanque Sisley,1
2012,Clausura 11/12,Esteban Fernando Maga,Bella Vista,1
2012,Clausura 11/12,Martín Cardozo,Fénix,1
2012,Clausura 11/12,Edison Torres,Liverpool,1
2012,Clausura 11/12,Fabrizio Ronchetti,Cerrito,1
2012,Clausura 11/12,Marcos Sebastián Aguirre,Nacional,1
2012,Clausura 11/12,Matías Telechea,Cerro Largo,1
2012,Clausura 11/12,Antonio Joaquín Boghossian,Nacional,1
2012,Clausura 11/12,Jonathan Piriz,Fénix,1
2012,Clausura 11/12,Marcelo Andrés Martuciello,Bella Vista,1
2012,Clausura 11/12,Ignacio Nicolini,Bella Vista,1
2012,Clausura 11/12,Oscar Javier Morales,Cerro,1
2012,Clausura 11/12,Bosco Silvio Frontán,Bella Vista,1
2012,Clausura 11/12,Javier Cabrera,Wanderers,1
2013,Apertura 12/13,Juan Manuel Olivera,Peñarol,13
2013,Apertura 12/13,Héctor Fabián Acuña,El Tanque Sisley,11
2013,Apertura 12/13,Mauro Guevgeozian,Fénix,10
2013,Apertura 12/13,Diego Rolán,Defensor,8
2013,Apertura 12/13,Maximiliano Rodriguez,Wanderers,8
2013,Apertura 12/13,Gabriel Leyes,River Plate,7
2013,Apertura 12/13,Fabián Estoyanoff,Peñarol,7
2013,Apertura 12/13,Gonzalo Diego Bueno,Nacional,6
2013,Apertura 12/13,Marcelo Zalayeta,Peñarol,6
2013,Apertura 12/13,Aníbal Hernández,Defensor,5
2013,Apertura 12/13,Ignacio Risso,Defensor,5
2013,Apertura 12/13,Federico Puppo,Defensor,5
2013,Apertura 12/13,Hernan Novick,Fénix,4
2013,Apertura 12/13,Rodrigo Aguirre,Liverpool,4
2013,Apertura 12/13,Álvaro Recoba,Nacional,4
2013,Apertura 12/13,Janderson Kione Pereira Rodrigues,River Plate,4
2013,Apertura 12/13,Marcos Neves,Cerro Largo,4
2013,Apertura 12/13,Néstor Fabián Canobbio,Progreso,4
2013,Apertura 12/13,Andrés Scotti,Nacional,4
2013,Apertura 12/13,Liber Daniel Quiñones,Racing,4
2013,Apertura 12/13,William Ferreira,Liverpool,4
2013,Apertura 12/13,Miguel Murillo,El Tanque Sisley,4
2013,Apertura 12/13,Alexander Jesús Medina,Nacional,4
2013,Apertura 12/13,Leonardo Carboni,Danubio,4
2013,Apertura 12/13,Jaime Baez,Juventud,3
2013,Apertura 12/13,Lucas Daniel Cavallini,Juventud,3
2013,Apertura 12/13,Adrián Nicolás Luna,Nacional,3
2013,Apertura 12/13,Max Rauhofer,Liverpool,3
2013,Apertura 12/13,Federico Laens,Bella Vista,3
2013,Apertura 12/13,Felipe Avenatti,River Plate,3
2013,Apertura 12/13,Luis Gorocito,Racing,3
2013,Apertura 12/13,Gustavo Javier Alles,Progreso,3
2013,Apertura 12/13,Miguel Puglia,Fénix,3
2013,Apertura 12/13,Jorge Zambrana,Peñarol,3
2013,Apertura 12/13,Paulo César Pezzolano,Liverpool,3
2013,Apertura 12/13,Rodrigo Guarteche,Progreso,3
2013,Apertura 12/13,Ronald Andrés Ramírez,Central Español,3
2013,Apertura 12/13,Richard Mercado Corozo,Wanderers,2
2013,Apertura 12/13,Matías Abisab,Bella Vista,2
2013,Apertura 12/13,Ramón Gines Arias,Defensor,2
2013,Apertura 12/13,Gonzalo Mastrianni,Cerro,2
2013,Apertura 12/13,Leandro Joaquín Rodriguez,River Plate,2
2013,Apertura 12/13,Gastón Otreras,Central Español,2
2013,Apertura 12/13,Lucas Tamareo,Liverpool,2
2013,Apertura 12/13,Guillermo de los Santos,Cerro,2
2013,Apertura 12/13,Santiago Carrera,River Plate,2
2013,Apertura 12/13,Agustín Viana,Bella Vista,2
2013,Apertura 12/13,Gonzalo Sena,Liverpool,2
2013,Apertura 12/13,Pablo Melo,Liverpool,2
2013,Apertura 12/13,Maximiliano Olivera,Wanderers,2
2013,Apertura 12/13,Marcos Otegui,Cerro Largo,2
2013,Apertura 12/13,Gaston Machado,Cerro Largo,2
2013,Apertura 12/13,Néstor Fabián Silva,Racing,2
2013,Apertura 12/13,Diego Martín Rodríguez,Defensor,2
2013,Apertura 12/13,Yoel Burgueño,Cerro Largo,2
2013,Apertura 12/13,Guilherme Soares Guedes de Freitas,Wanderers,2
2013,Apertura 12/13,Álvaro Pintos,Cerro,2
2013,Apertura 12/13,Gonzalo Perez,Danubio,2
2013,Apertura 12/13,Carlos Fabián Canobbio,Progreso,2
2013,Apertura 12/13,Emilio Zeballos Gutiérrez,Defensor,2
2013,Apertura 12/13,Agustin Gutierrez,Racing,2
2013,Apertura 12/13,Alejandro Mello,El Tanque Sisley,2
2013,Apertura 12/13,Renato César,Nacional,2
2013,Apertura 12/13,Damián Macaluso,Peñarol,1
2013,Apertura 12/13,Rafael García,Fénix,1
2013,Apertura 12/13,Manuel Fernandez,Racing,1
2013,Apertura 12/13,Lucas Lencina,Wanderers,1
2013,Apertura 12/13,Gonzalo Freitas,Bella Vista,1
2013,Apertura 12/13,Carlos García,Racing,1
2013,Apertura 12/13,Matias Santos,Wanderers,1
2013,Apertura 12/13,César Falletti,Cerro,1
2013,Apertura 12/13,Maximiliano Rodríguez,Wanderers,1
2013,Apertura 12/13,Rodrigo de Olivera,Danubio,1
2013,Apertura 12/13,Gonzalo Gutierrez,Bella Vista,1
2013,Apertura 12/13,Octavio Rivero,Central Español,1
2013,Apertura 12/13,Miguel Puglia,Fénix,1
2013,Apertura 12/13,Heber Collazo,Juventud,1
2013,Apertura 12/13,Gaston Rodriguez,Wanderers,1
2013,Apertura 12/13,Fabricio Formiliano,Danubio,1
2013,Apertura 12/13,Walter Fernandez,Progreso,1
2013,Apertura 12/13,Pablo Álvarez,Nacional,1
2013,Apertura 12/13,Gaston Poncet,Juventud,1
2013,Apertura 12/13,Hugo Soria,Danubio,1
2013,Apertura 12/13,Cristian Tabo,Racing,1
2013,Apertura 12/13,Cristian Mario González,River Plate,1
2013,Apertura 12/13,Santiago Correa,Central Español,1
2013,Apertura 12/13,Juan Fagúndez,El Tanque Sisley,1
2013,Apertura 12/13,Daniel Leites,Cerro Largo,1
2013,Apertura 12/13,Matias Appelt,Progreso,1
2013,Apertura 12/13,Fabian Dorado,Cerro,1
2013,Apertura 12/13,Nicolás Gard,Progreso,1
2013,Apertura 12/13,Mauricio Alonso,Cerro,1
2013,Apertura 12/13,Juan Manuel Ortiz,Fénix,1
2013,Apertura 12/13,Simón Pagua,Cerro,1
2013,Apertura 12/13,Danilo Javier Peinado,Bella Vista,1
2013,Apertura 12/13,Jorge Adrián García,Cerro,1
2013,Apertura 12/13,Álvaro Damián Navarro,Defensor,1
2013,Apertura 12/13,Eduardo Daniel Mieres,Cerro,1
2013,Apertura 12/13,Álvaro Maximiliano Arias,Liverpool,1
2013,Apertura 12/13,Robert Herrera,Defensor,1
2013,Apertura 12/13,Juan José Blanco,Cerro Largo,1
2013,Apertura 12/13,William Klingender,Central Español,1
2013,Apertura 12/13,Sebastián Taborda,Nacional,1
2013,Apertura 12/13,Alejandro Clever Reyes,Juventud,1
2013,Apertura 12/13,Camilo Mayada,Danubio,1
2013,Apertura 12/13,Gonzalo Papa,Fénix,1
2013,Apertura 12/13,Pablo Caballero,Cerro,1
2013,Apertura 12/13,Fabian Trujillo,Cerro,1
2013,Apertura 12/13,Christian Washington Nuñez,Nacional,1
2013,Apertura 12/13,Víctor Martín Galain Pecora,El Tanque Sisley,1
2013,Apertura 12/13,Gonzalo Aguilar,Racing,1
2013,Apertura 12/13,Claudio Martín Dadomo,River Plate,1
2013,Apertura 12/13,Antonio Pacheco,Peñarol,1
2013,Apertura 12/13,Franco Ariel Sosa,Cerro Largo,1
2013,Apertura 12/13,Miguel Márquez,Juventud,1
2013,Apertura 12/13,Maximiliano Lombardi,Progreso,1
2013,Apertura 12/13,Marcelo Broli,Juventud,1
2013,Apertura 12/13,Darío Rodríguez,Peñarol,1
2013,Apertura 12/13,José Ignacio Pallas,Fénix,1
2013,Apertura 12/13,Sebastian Gaitan,Progreso,1
2013,Apertura 12/13,Leonel Leonardo Pilipauskas,Bella Vista,1
2013,Apertura 12/13,Nicolás Albarracin,Wanderers,1
2013,Apertura 12/13,Marcelo Andrés Martuciello,Bella Vista,1
2013,Apertura 12/13,Alvaro Alejandro Mello,El Tanque Sisley,1
2013,Apertura 12/13,Jonathan Iglesias,El Tanque Sisley,1
2013,Apertura 12/13,Sebastian Gagnebin,Wanderers,1
2013,Apertura 12/13,Facundo Guichón,Racing,1
2013,Apertura 12/13,Santiago Martinez,Wanderers,1
2013,Apertura 12/13,Gonzalo Camargo,Juventud,1
2013,Apertura 12/13,Diego Zabala,Racing,1
2013,Apertura 12/13,Christian Latorre,Juventud,1
2013,Apertura 12/13,Ángel Gabriel Cayetano,Danubio,1
2013,Apertura 12/13,Bruno Piano,El Tanque Sisley,1
2013,Apertura 12/13,Gabriel Nicolás Mezquida,Fénix,1
2013,Apertura 12/13,Matías Vecino,Nacional,1
2013,Apertura 12/13,Aureliano Torres,Peñarol,1
2013,Apertura 12/13,Rodrigo Sanguinetti,Central Español,1
2013,Apertura 12/13,Joaquín Burutarán,Central Español,1
2013,Apertura 12/13,Richard Núñez,Danubio,1
2013,Apertura 12/13,Gonzalo Sebastián Vargas,Bella Vista,1
2013,Apertura 12/13,Jonathan Sandoval,Wanderers,1
2013,Apertura 12/13,Gastón Bueno,Danubio,1
2013,Apertura 12/13,Cristian Rafael Techera,River Plate,1
2013,Apertura 12/13,Luis Eduardo Martínez,Danubio,1
2013,Apertura 12/13,Sebastían Agustín Gallegos,Peñarol,1
2013,Clausura 12/13,Juan Manuel Olivera,Peñarol,18
2013,Clausura 12/13,Liber Daniel Quiñones,Racing,15
2013,Clausura 12/13,Marcelo Zalayeta,Peñarol,15
2013,Clausura 12/13,Maximiliano Rodriguez,Wanderers,14
2013,Clausura 12/13,Fabián Estoyanoff,Peñarol,12
2013,Clausura 12/13,Felipe Avenatti,River Plate,11
2013,Clausura 12/13,Héctor Fabián Acuña,El Tanque Sisley,11
2013,Clausura 12/13,Ignacio Risso,Defensor,11
2013,Clausura 12/13,Matias Alonso,Juventud,11
2013,Clausura 12/13,Federico Laens,Bella Vista,10
2013,Clausura 12/13,Lucas Daniel Cavallini,Juventud,10
2013,Clausura 12/13,Mauro Guevgeozian,Fénix,10
2013,Clausura 12/13,Gabriel Leyes,River Plate,10
2013,Clausura 12/13,Hernan Novick,Fénix,9
2013,Clausura 12/13,Gustavo Javier Alles,Progreso,9
2013,Clausura 12/13,Néstor Fabián Canobbio,Progreso,8
2013,Clausura 12/13,Diego Rolán,Defensor,8
2013,Clausura 12/13,Paulo César Pezzolano,Liverpool,8
2013,Clausura 12/13,Rodrigo Aguirre,Liverpool,8
2013,Clausura 12/13,Leonardo Carboni,Danubio,7
2013,Clausura 12/13,Gonzalo Diego Bueno,Nacional,7
2013,Clausura 12/13,Pablo Caballero,Cerro,7
2013,Clausura 12/13,Antonio Pacheco,Peñarol,6
2013,Clausura 12/13,Ronald Andrés Ramírez,Central Español,6
2013,Clausura 12/13,Sergio William Leal,Danubio,6
2013,Clausura 12/13,Fabricio Nuñez,Cerro Largo,5
2013,Clausura 12/13,Cristian Rafael Techera,River Plate,5
2013,Clausura 12/13,Álvaro Recoba,Nacional,5
2013,Clausura 12/13,Rodrigo Guarteche,Progreso,5
2013,Clausura 12/13,Iván Daniel Alonso,Nacional,5
2013,Clausura 12/13,Alexander Jesús Medina,Nacional,5
2013,Clausura 12/13,Federico Puppo,Defensor,5
2013,Clausura 12/13,Aníbal Hernández,Defensor,5
2013,Clausura 12/13,Facundo Barceló,Liverpool,5
2013,Clausura 12/13,Cecilio Waterman,Fénix,5
2013,Clausura 12/13,Héctor Martín Icart Atahídes,Juventud,5
2013,Clausura 12/13,Marcos Neves,Cerro Largo,4
2013,Clausura 12/13,Janderson Kione Pereira Rodrigues,River Plate,4
2013,Clausura 12/13,Vicente Sánchez,Nacional,4
2013,Clausura 12/13,Miguel Murillo,El Tanque Sisley,4
2013,Clausura 12/13,César Falletti,Cerro,4
2013,Clausura 12/13,Federico Rodríguez,Wanderers,4
2013,Clausura 12/13,William Ferreira,Liverpool,4
2013,Clausura 12/13,Andrés Scotti,Nacional,4
2013,Clausura 12/13,Guillermo de los Santos,Cerro,4
2013,Clausura 12/13,Luis Gorocito,Racing,4
2013,Clausura 12/13,Bruno Montelongo,River Plate,4
2013,Clausura 12/13,Gonzalo Sena,Liverpool,4
2013,Clausura 12/13,Miguel Puglia,Fénix,3
2013,Clausura 12/13,Fabian Dorado,Cerro,3
2013,Clausura 12/13,Andrés Nicolás Olivera,Defensor,3
2013,Clausura 12/13,Maximiliano Olivera,Wanderers,3
2013,Clausura 12/13,Giorgian De Arrascaeta,Defensor,3
2013,Clausura 12/13,Santiago Carrera,River Plate,3
2013,Clausura 12/13,Jaime Baez,Juventud,3
2013,Clausura 12/13,Miguel Puglia,Fénix,3
2013,Clausura 12/13,Octavio Rivero,Central Español,3
2013,Clausura 12/13,Jorge Zambrana,Peñarol,3
2013,Clausura 12/13,Adrián Nicolás Luna,Nacional,3
2013,Clausura 12/13,Jonatan Blanes,Juventud,3
2013,Clausura 12/13,Max Rauhofer,Liverpool,3
2013,Clausura 12/13,Santiago Lamanna,El Tanque Sisley,3
2013,Clausura 12/13,Juan Fagúndez,El Tanque Sisley,3
2013,Clausura 12/13,Jorge Artigas,Central Español,3
2013,Clausura 12/13,Guilherme Soares Guedes de Freitas,Wanderers,3
2013,Clausura 12/13,Alvaro Alejandro Mello,El Tanque Sisley,3
2013,Clausura 12/13,Mauricio Alonso,Cerro,3
2013,Clausura 12/13,Renato César,Nacional,3
2013,Clausura 12/13,Maximiliano Cantera,Cerro Largo,3
2013,Clausura 12/13,Leandro Joaquín Rodriguez,River Plate,3
2013,Clausura 12/13,Matías Abisab,Bella Vista,3
2013,Clausura 12/13,Andrés Rodales,Liverpool,2
2013,Clausura 12/13,Agustin Gutierrez,Racing,2
2013,Clausura 12/13,Agustín Viana,Bella Vista,2
2013,Clausura 12/13,Alex Maximiliano Borges,Progreso,2
2013,Clausura 12/13,Ignacio Lemmo,Bella Vista,2
2013,Clausura 12/13,Jorge Adrián García,Cerro,2
2013,Clausura 12/13,Gabriel Fernandez,Cerro Largo,2
2013,Clausura 12/13,Gastón Puerari,El Tanque Sisley,2
2013,Clausura 12/13,Leonel Leonardo Pilipauskas,Bella Vista,2
2013,Clausura 12/13,Maximiliano Callorda,Defensor,2
2013,Clausura 12/13,Marcos Otegui,Cerro Largo,2
2013,Clausura 12/13,Richard Mercado Corozo,Wanderers,2
2013,Clausura 12/13,Lucas Tamareo,Liverpool,2
2013,Clausura 12/13,Gonzalo Mastrianni,Cerro,2
2013,Clausura 12/13,Cristian Mario González,River Plate,2
2013,Clausura 12/13,Robert Herrera,Defensor,2
2013,Clausura 12/13,Gastón Otreras,Central Español,2
2013,Clausura 12/13,Gonzalo Freitas,Bella Vista,2
2013,Clausura 12/13,Diego Zabala,Racing,2
2013,Clausura 12/13,Gaston Machado,Cerro Largo,2
2013,Clausura 12/13,Pablo Melo,Liverpool,2
2013,Clausura 12/13,José Maria Franco,Fénix,2
2013,Clausura 12/13,Néstor Fabián Silva,Racing,2
2013,Clausura 12/13,Santiago Martinez,Wanderers,2
2013,Clausura 12/13,Gaston Rodriguez,Wanderers,2
2013,Clausura 12/13,Ramón Gines Arias,Defensor,2
2013,Clausura 12/13,Mauricio Ruiz,Cerro Largo,2
2013,Clausura 12/13,Cristian Palacios,El Tanque Sisley,2
2013,Clausura 12/13,German Bombaci,Progreso,2
2013,Clausura 12/13,Richard Núñez,Danubio,2
2013,Clausura 12/13,Emilio Zeballos Gutiérrez,Defensor,2
2013,Clausura 12/13,Gonzalo Perez,Danubio,2
2013,Clausura 12/13,Rodrigo Sanguinetti,Central Español,2
2013,Clausura 12/13,Sergio Souza,Central Español,2
2013,Clausura 12/13,Álvaro Pintos,Cerro,2
2013,Clausura 12/13,Alvaro Peña,Bella Vista,2
2013,Clausura 12/13,Sebastián Taborda,Nacional,2
2013,Clausura 12/13,Carlos Fabián Canobbio,Progreso,2
2013,Clausura 12/13,Yoel Burgueño,Cerro Largo,2
2013,Clausura 12/13,Jonathan Sandoval,Wanderers,2
2013,Clausura 12/13,Cristian Tabo,Racing,2
2013,Clausura 12/13,Washington Sebastián Abreu,Nacional,2
2013,Clausura 12/13,Sebastían Agustín Gallegos,Peñarol,2
2013,Clausura 12/13,Diego Martín Rodríguez,Defensor,2
2013,Clausura 12/13,Alejandro Mello,El Tanque Sisley,2
2013,Clausura 12/13,Santiago Correa,Central Español,1
2013,Clausura 12/13,Damián Macaluso,Peñarol,1
2013,Clausura 12/13,Rafael García,Fénix,1
2013,Clausura 12/13,Sebastián Sosa,Central Español,1
2013,Clausura 12/13,Nicolás Gard,Progreso,1
2013,Clausura 12/13,Lucas Ontivero,Fénix,1
2013,Clausura 12/13,Carlos García,Racing,1
2013,Clausura 12/13,Diego Arismendi,Nacional,1
2013,Clausura 12/13,Fabricio Formiliano,Danubio,1
2013,Clausura 12/13,Lucas Lencina,Wanderers,1
2013,Clausura 12/13,Matias Santos,Wanderers,1
2013,Clausura 12/13,Jonathan Rodríguez,Cerro,1
2013,Clausura 12/13,Gonzalo Gutierrez,Bella Vista,1
2013,Clausura 12/13,Damián Oscar Luna,Defensor,1
2013,Clausura 12/13,Gaston Minutillo,El Tanque Sisley,1
2013,Clausura 12/13,Rodrigo Miguel Alaniz,Cerro Largo,1
2013,Clausura 12/13,Simón Vanderhoeght,Bella Vista,1
2013,Clausura 12/13,Guido Ezequiel Abayián,Bella Vista,1
2013,Clausura 12/13,Lucas René Olaza Catrofe,River Plate,1
2013,Clausura 12/13,Rodrigo de Olivera,Danubio,1
2013,Clausura 12/13,Carlos De Pena,Nacional,1
2013,Clausura 12/13,Hugo Soria,Danubio,1
2013,Clausura 12/13,Ignacio Gonzalez,Danubio,1
2013,Clausura 12/13,Alvaro Brum,Central Español,1
2013,Clausura 12/13,Gaston Poncet,Juventud,1
2013,Clausura 12/13,Pablo Álvarez,Nacional,1
2013,Clausura 12/13,Walter Fernandez,Progreso,1
2013,Clausura 12/13,Gustavo Bueno,Nacional,1
2013,Clausura 12/13,Matias Appelt,Progreso,1
2013,Clausura 12/13,Juan Ignacio Marcarie,El Tanque Sisley,1
2013,Clausura 12/13,Heber Collazo,Juventud,1
2013,Clausura 12/13,Pablo Lima,El Tanque Sisley,1
2013,Clausura 12/13,Enzo Borges,Cerro Largo,1
2013,Clausura 12/13,Diego Suárez Laxalt,Defensor,1
2013,Clausura 12/13,Emilio Rentería,Defensor,1
2013,Clausura 12/13,Daniel Leites,Cerro Largo,1
2013,Clausura 12/13,Camilo Mayada,Danubio,1
2013,Clausura 12/13,Alejandro Clever Reyes,Juventud,1
2013,Clausura 12/13,Matías Aguirregaray,Peñarol,1
2013,Clausura 12/13,Carlos Richard Díaz,Racing,1
2013,Clausura 12/13,Ricardo Queiro,Progreso,1
2013,Clausura 12/13,Mario Risso,Defensor,1
2013,Clausura 12/13,Rodrigo Brasesco,Racing,1
2013,Clausura 12/13,Álvaro Maximiliano Arias,Liverpool,1
2013,Clausura 12/13,Andrés Ravecca,Cerro,1
2013,Clausura 12/13,Claudio Gastón Innella,River Plate,1
2013,Clausura 12/13,William Klingender,Central Español,1
2013,Clausura 12/13,Darío Antonio Flores,Cerro Largo,1
2013,Clausura 12/13,José Ignacio Pallas,Fénix,1
2013,Clausura 12/13,Héctor Baltasar Silva,Peñarol,1
2013,Clausura 12/13,Jorge Gonzalez,Racing,1
2013,Clausura 12/13,Hernan Menosse,Wanderers,1
2013,Clausura 12/13,Juan José Blanco,Cerro Largo,1
2013,Clausura 12/13,Leonardo Melazzi,Danubio,1
2013,Clausura 12/13,Danilo Javier Peinado,Bella Vista,1
2013,Clausura 12/13,Fabian Trujillo,Cerro,1
2013,Clausura 12/13,Luis Alberto Torrecilla,River Plate,1
2013,Clausura 12/13,Maximiliano Lombardi,Progreso,1
2013,Clausura 12/13,Claudio Martín Dadomo,River Plate,1
2013,Clausura 12/13,Gonzalo Fabián Porras,River Plate,1
2013,Clausura 12/13,Víctor Martín Galain Pecora,El Tanque Sisley,1
2013,Clausura 12/13,Christian Washington Nuñez,Nacional,1
2013,Clausura 12/13,Gonzalo Papa,Fénix,1
2013,Clausura 12/13,Gonzalo Aguilar,Racing,1
2013,Clausura 12/13,Juan Daniel Álvez,Fénix,1
2013,Clausura 12/13,Eduardo Daniel Mieres,Cerro,1
2013,Clausura 12/13,Simón Pagua,Cerro,1
2013,Clausura 12/13,Juan Manuel Ortiz,Fénix,1
2013,Clausura 12/13,Álvaro Damián Navarro,Defensor,1
2013,Clausura 12/13,Darío Rodríguez,Peñarol,1
2013,Clausura 12/13,Marcelo Broli,Juventud,1
2013,Clausura 12/13,Miguel Márquez,Juventud,1
2013,Clausura 12/13,Franco Ariel Sosa,Cerro Largo,1
2013,Clausura 12/13,Michael Santos,River Plate,1
2013,Clausura 12/13,Juan Cruz Mascia,Nacional,1
2013,Clausura 12/13,Federico Platero,Juventud,1
2013,Clausura 12/13,Christian Latorre,Juventud,1
2013,Clausura 12/13,Sebastian Gagnebin,Wanderers,1
2013,Clausura 12/13,Sebastian Gaitan,Progreso,1
2013,Clausura 12/13,Guzmán Pereira,Wanderers,1
2013,Clausura 12/13,Nicolás Albarracin,Wanderers,1
2013,Clausura 12/13,Maximiliano Rodríguez,Wanderers,1
2013,Clausura 12/13,Manuel Fernandez,Racing,1
2013,Clausura 12/13,Mauro Fernández,Peñarol,1
2013,Clausura 12/13,Rodrigo de Oliveira,Cerro Largo,1
2013,Clausura 12/13,Jonathan Barboza,Liverpool,1
2013,Clausura 12/13,Adrián Marcelo Romero,Nacional,1
2013,Clausura 12/13,Facundo Guichón,Racing,1
2013,Clausura 12/13,Ángel Gabriel Cayetano,Danubio,1
2013,Clausura 12/13,Willinton Techera,Fénix,1
2013,Clausura 12/13,Gonzalo Camargo,Juventud,1
2013,Clausura 12/13,Jonathan Iglesias,El Tanque Sisley,1
2013,Clausura 12/13,Juan Ángel Albín,Nacional,1
2013,Clausura 12/13,Carlos Nuñez,Peñarol,1
2013,Clausura 12/13,Bruno Silva Barone,Cerro Largo,1
2013,Clausura 12/13,Matías Vecino,Nacional,1
2013,Clausura 12/13,Gabriel Nicolás Mezquida,Fénix,1
2013,Clausura 12/13,Aureliano Torres,Peñarol,1
2013,Clausura 12/13,Matías Omar Pérez Laborda,Danubio,1
2013,Clausura 12/13,Bruno Piano,El Tanque Sisley,1
2013,Clausura 12/13,Joaquín Burutarán,Central Español,1
2013,Clausura 12/13,Marcelo Andrés Martuciello,Bella Vista,1
2013,Clausura 12/13,Gastón Bueno,Danubio,1
2013,Clausura 12/13,Juan Manuel Morales,El Tanque Sisley,1
2013,Clausura 12/13,Pablo Antonio Pallante,Cerro,1
2013,Clausura 12/13,Israel Damonte,Nacional,1
2013,Clausura 12/13,Javier Cabrera,Wanderers,1
2013,Clausura 12/13,Luis Eduardo Martínez,Danubio,1
2013,Clausura 12/13,Gonzalo Sebastián Vargas,Bella Vista,1
2013,Clausura 12/13,Nicolás Ignacio Vigneri,Fénix,1
2011,Apertura 10/11,Santiago Damián García,Nacional,15
2011,Apertura 10/11,Rodrigo Mora,Defensor,11
2011,Apertura 10/11,Federico Rodríguez,Bella Vista,10
2011,Apertura 10/11,Diego Martin Alonso,Peñarol,9
2011,Apertura 10/11,Alfredo Nicolás Guevara,Rampla Juniors,7
2011,Apertura 10/11,Diego Martiñones,Central Español,7
2011,Apertura 10/11,Leonardo Andrés Medina,Miramar Misiones,6
2011,Apertura 10/11,Federico Puppo,River Plate,6
2011,Apertura 10/11,Maximiliano Callorda,El Tanque Sisley,6
2011,Apertura 10/11,Diego Daniel Vera,Liverpool,6
2011,Apertura 10/11,Diego De Souza,Defensor,5
2011,Apertura 10/11,Sebastián Gaitán,El Tanque Sisley,5
2011,Apertura 10/11,Gastón Puerari,Wanderers,5
2011,Apertura 10/11,Ignacio Risso,Defensor,5
2011,Apertura 10/11,Edison Torres,Wanderers,5
2011,Apertura 10/11,Anderzon Gonzaga,Danubio,5
2011,Apertura 10/11,Diego Martín Scotti,Miramar Misiones,4
2011,Apertura 10/11,Omar Pérez,Cerro,4
2011,Apertura 10/11,Nicolás Ignacio Vigneri,Fénix,4
2011,Apertura 10/11,Maximiliano Pérez,Fénix,4
2011,Apertura 10/11,Emiliano Tellechea,Wanderers,4
2011,Apertura 10/11,Diego Rafael Perrone,Danubio,4
2011,Apertura 10/11,Jean Pierre Barrientos,Racing,4
2011,Apertura 10/11,Matías Britos,Rampla Juniors,4
2011,Apertura 10/11,Ignacio Nicolini,Bella Vista,4
2011,Apertura 10/11,Alejandro Martinuccio,Peñarol,4
2011,Apertura 10/11,Daley Mena,Danubio,3
2011,Apertura 10/11,Martín Cauteruccio,Nacional,3
2011,Apertura 10/11,Sergio Perez,Central Español,3
2011,Apertura 10/11,Gaston Machado,Central Español,3
2011,Apertura 10/11,Ronald Andrés Ramírez,Wanderers,3
2011,Apertura 10/11,Pablo Olivera,River Plate,3
2011,Apertura 10/11,Néstor Emanuel Moiraghi,Rampla Juniors,3
2011,Apertura 10/11,Santiago López Bruzzese,Bella Vista,3
2011,Apertura 10/11,Jonathan Soto,Cerro,3
2011,Apertura 10/11,Hernán Figueredo,Liverpool,2
2011,Apertura 10/11,Mathias Damián Riquero,Danubio,2
2011,Apertura 10/11,Adrián Nicolás Luna,Defensor,2
2011,Apertura 10/11,Damián Malrrechaufe,Danubio,2
2011,Apertura 10/11,Cristian Ortíz,Racing,2
2011,Apertura 10/11,Walter Horacio Peralta,Nacional,2
2011,Apertura 10/11,Aldo Diaz,Tacuarembó,2
2011,Apertura 10/11,Daniel Eduardo Baldi,Bella Vista,2
2011,Apertura 10/11,Hernan Novick,Fénix,2
2011,Apertura 10/11,Matías Omar Pérez Laborda,Danubio,2
2011,Apertura 10/11,Luciano Cardinali,Fénix,2
2011,Apertura 10/11,Alvaro Alejandro Mello,Cerro,2
2011,Apertura 10/11,Pablo Munhoz,El Tanque Sisley,2
2011,Apertura 10/11,Marcelo Fabián Sosa,Peñarol,2
2011,Apertura 10/11,Juan Manuel Morales,El Tanque Sisley,2
2011,Apertura 10/11,Federico Gomez,Racing,2
2011,Apertura 10/11,Darío Larrosa,Racing,2
2011,Apertura 10/11,Christian de Jesús Mejia,Peñarol,2
2011,Apertura 10/11,Santiago Tabarez,Fénix,2
2011,Apertura 10/11,Maximiliano Bajter,Fénix,2
2011,Apertura 10/11,Néstor Fabián Silva,Liverpool,2
2011,Apertura 10/11,Pablo Caballero,Cerro,2
2011,Apertura 10/11,Jorge Zambrana,River Plate,2
2011,Apertura 10/11,Fernando Martín Bonjour,Rampla Juniors,2
2011,Apertura 10/11,Maximiliano Rodriguez,Wanderers,2
2011,Apertura 10/11,Martín Cardozo,Fénix,2
2011,Apertura 10/11,Christian Washington Nuñez,Nacional,2
2011,Apertura 10/11,Eduardo Aranda,Defensor,2
2011,Apertura 10/11,Héctor Fabián Acuña,Miramar Misiones,2
2011,Apertura 10/11,Luis Machado,Tacuarembó,2
2011,Apertura 10/11,Matías Cabrera,Nacional,2
2011,Apertura 10/11,Emiliano Garcia,Cerro,2
2011,Apertura 10/11,Richard Núñez,Rampla Juniors,1
2011,Apertura 10/11,José Pablo Varela,Bella Vista,1
2011,Apertura 10/11,Jonatan Blanes,Liverpool,1
2011,Apertura 10/11,Franco Junior Aliberti,El Tanque Sisley,1
2011,Apertura 10/11,Jonathan Ríos,Bella Vista,1
2011,Apertura 10/11,Washington Camacho,El Tanque Sisley,1
2011,Apertura 10/11,Javier Cabrera,Wanderers,1
2011,Apertura 10/11,Sebastián Palermo,Bella Vista,1
2011,Apertura 10/11,Cleber Janderson Pereira Reis,River Plate,1
2011,Apertura 10/11,Walter Fernando Ibañez,Defensor,1
2011,Apertura 10/11,Sebastian Gaitan,El Tanque Sisley,1
2011,Apertura 10/11,Diego Riolfo,Central Español,1
2011,Apertura 10/11,Diego Seoane,Racing,1
2011,Apertura 10/11,Fabián Estoyanoff,Peñarol,1
2011,Apertura 10/11,Diego Gonzalo Chaves,Nacional,1
2011,Apertura 10/11,Luciano Emilio,Danubio,1
2011,Apertura 10/11,Pablo Antonio Pallante,Cerro,1
2011,Apertura 10/11,Sebastián Fernández,Miramar Misiones,1
2011,Apertura 10/11,Marcos do Nascimento,Tacuarembó,1
2011,Apertura 10/11,Mariano Rubbo,Tacuarembó,1
2011,Apertura 10/11,Gastón Bueno,Central Español,1
2011,Apertura 10/11,Federico Fernandez,Miramar Misiones,1
2011,Apertura 10/11,Rafael García,Rampla Juniors,1
2011,Apertura 10/11,Diego Giménez,Danubio,1
2011,Apertura 10/11,Gustavo Javier Biscayzacu,River Plate,1
2011,Apertura 10/11,Javier Tetes,Bella Vista,1
2011,Apertura 10/11,Nicolás Andrés Nicolay,Central Español,1
2011,Apertura 10/11,Pablo Míguez,Danubio,1
2011,Apertura 10/11,Gonzalo Piriz,Tacuarembó,1
2011,Apertura 10/11,Sebastián Sánchez,Tacuarembó,1
2011,Apertura 10/11,Héctor Matías Dos Santos Bueno,Tacuarembó,1
2011,Apertura 10/11,Damian Suárez,Defensor,1
2011,Apertura 10/11,Juan Daniel Álvez,Liverpool,1
2011,Apertura 10/11,Martín Rodríguez,Liverpool,1
2011,Apertura 10/11,Andrés Rodales,Liverpool,1
2011,Apertura 10/11,Miguel Amado,Defensor,1
2011,Apertura 10/11,César Ceballos,Central Español,1
2011,Apertura 10/11,Francisco Usucar,Central Español,1
2011,Apertura 10/11,Dani Tejera,Racing,1
2011,Apertura 10/11,Guillermo Firpo,Central Español,1
2011,Apertura 10/11,Leonardo Novo,El Tanque Sisley,1
2011,Apertura 10/11,Andrés Pablo Fernández2,Central Español,1
2011,Apertura 10/11,Julián Perujo,Nacional,1
2011,Apertura 10/11,Darío Rodríguez,Peñarol,1
2011,Apertura 10/11,Antonio Pacheco,Peñarol,1
2011,Apertura 10/11,Willinton Techera,Rampla Juniors,1
2011,Apertura 10/11,Mathías Corujo,Peñarol,1
2011,Apertura 10/11,Gerardo Alcoba,Peñarol,1
2011,Apertura 10/11,Carlos Germán Macchi,Liverpool,1
2011,Apertura 10/11,Gerardo Varela,Fénix,1
2011,Apertura 10/11,Fernando Sellanes,Fénix,1
2011,Apertura 10/11,Mauricio Ernesto Pereyra,Nacional,1
2011,Apertura 10/11,Sebastián Coates,Nacional,1
2011,Apertura 10/11,Diego Martín Rodríguez,Defensor,1
2011,Apertura 10/11,Flavio Armando Córdoba,River Plate,1
2011,Apertura 10/11,Rodrigo Sanguinetti,El Tanque Sisley,1
2011,Apertura 10/11,César David Texeira,Defensor,1
2011,Apertura 10/11,Álvaro Recoba,Danubio,1
2011,Apertura 10/11,Sebastián Marcelo Suárez López,Defensor,1
2011,Apertura 10/11,Gaston Giménez,Danubio,1
2011,Apertura 10/11,Guillermo Daniel Rodríguez,Peñarol,1
2011,Apertura 10/11,Danilo Coccaro,Racing,1
2011,Apertura 10/11,Gabriel Alcoba,Central Español,1
2011,Apertura 10/11,Michel Acosta,Liverpool,1
2011,Apertura 10/11,Elias Ricardo Figueroa,Liverpool,1
2011,Apertura 10/11,Cristian Palacios,Peñarol,1
2011,Apertura 10/11,Antonio Fernández,El Tanque Sisley,1
2011,Apertura 10/11,Julián Lalinde,Liverpool,1
2011,Apertura 10/11,Matias Mier,Fénix,1
2011,Apertura 10/11,Matias Jones,Danubio,1
2011,Apertura 10/11,Ricardo Queiro,Cerro,1
