Jugador,País,Continente,Equipo,País del Equipo,Continente del Equipo,¿Mismo país?,¿Mismo continente?,¿Otro país?,¿Otro continente?
Maty RYAN,AUS,Oceanía,Club Brugge KV (BEL),BEL,Europa,No,No,Si,Si
Ivan FRANJIC,AUS,Oceanía,Brisbane Roar FC (AUS),AUS,Oceanía,Si,Si,No,No
Jason DAVIDSON,AUS,Oceanía,SC Heracles Almelo (NED),NED,Europa,No,No,Si,Si
Tim CAHILL,AUS,Oceanía,New York Red Bulls (USA),USA,América,No,No,Si,Si
Mark MILLIGAN,AUS,Oceanía,Melbourne Victory FC (AUS),AUS,Oceanía,Si,Si,No,No
Matthew SPIRANOVIC,AUS,Oceanía,Western Sydney Wanderers FC (AUS),AUS,Oceanía,Si,Si,No,No
Mathew LECKIE,AUS,Oceanía,FSV Frankfurt (GER),GER,Europa,No,No,Si,Si
Bailey WRIGHT,AUS,Oceanía,Preston North End FC (ENG),ENG,Europa,No,No,Si,Si
Adam TAGGART,AUS,Oceanía,Newcastle United Jets FC (AUS),AUS,Oceanía,Si,Si,No,No
Ben HALLORAN,AUS,Oceanía,Fortuna Duesseldorf (GER),GER,Europa,No,No,Si,Si
Tommy OAR,AUS,Oceanía,FC Utrecht (NED),NED,Europa,No,No,Si,Si
Mitch LANGERAK,AUS,Oceanía,Borussia Dortmund (GER),GER,Europa,No,No,Si,Si
Oliver BOZANIC,AUS,Oceanía,FC Luzern (SUI),SUI,Europa,No,No,Si,Si
James TROISI,AUS,Oceanía,Melbourne Victory FC (AUS),AUS,Oceanía,Si,Si,No,No
Mile JEDINAK,AUS,Oceanía,Crystal Palace FC (ENG),ENG,Europa,No,No,Si,Si
James HOLLAND,AUS,Oceanía,FK Austria Wien (AUT),AUT,Europa,No,No,Si,Si
Matt McKAY,AUS,Oceanía,Brisbane Roar FC (AUS),AUS,Oceanía,Si,Si,No,No
Eugen GALEKOVIC,AUS,Oceanía,Adelaide United FC (AUS),AUS,Oceanía,Si,Si,No,No
Ryan McGOWAN,AUS,Oceanía,Shandong Luneng Taishan FC (CHN),CHN,Asia,No,No,Si,Si
Dario VIDOSIC,AUS,Oceanía,FC Sion (SUI),SUI,Europa,No,No,Si,Si
Massimo LUONGO,AUS,Oceanía,Swindon Town FC (ENG),ENG,Europa,No,No,Si,Si
Alex WILKINSON,AUS,Oceanía,Jeonbuk Hyundai Motors FC (KOR),KOR,Asia,No,No,Si,Si
Mark BRESCIANO,AUS,Oceanía,Al Gharafa SC (QAT),QAT,Asia,No,No,Si,Si
Thibaut COURTOIS,BEL,Europa,Atletico Madrid (ESP),ESP,Europa,No,Si,Si,No
Toby ALDERWEIRELD,BEL,Europa,Atletico Madrid (ESP),ESP,Europa,No,Si,Si,No
Thomas VERMAELEN,BEL,Europa,Arsenal FC (ENG),ENG,Europa,No,Si,Si,No
Vincent KOMPANY,BEL,Europa,Manchester City FC (ENG),ENG,Europa,No,Si,Si,No
Jan VERTONGHEN,BEL,Europa,Tottenham Hotspur FC (ENG),ENG,Europa,No,Si,Si,No
Axel WITSEL,BEL,Europa,FC Zenit St. Petersburg (RUS),RUS,Europa,No,Si,Si,No
Kevin DE BRUYNE,BEL,Europa,VfL Wolfsburg (GER),GER,Europa,No,Si,Si,No
Marouane FELLAINI,BEL,Europa,Manchester United FC (ENG),ENG,Europa,No,Si,Si,No
Romelu LUKAKU,BEL,Europa,Everton FC (ENG),ENG,Europa,No,Si,Si,No
Eden HAZARD,BEL,Europa,Chelsea FC (ENG),ENG,Europa,No,Si,Si,No
Kevin MIRALLAS,BEL,Europa,Everton FC (ENG),ENG,Europa,No,Si,Si,No
Simon MIGNOLET,BEL,Europa,Liverpool FC (ENG),ENG,Europa,No,Si,Si,No
Sammy BOSSUT,BEL,Europa,SV Zulte Waregem (BEL),BEL,Europa,Si,Si,No,No
Dries MERTENS,BEL,Europa,SSC Napoli (ITA),ITA,Europa,No,Si,Si,No
Daniel VAN BUYTEN,BEL,Europa,FC Bayern Muenchen (GER),GER,Europa,No,Si,Si,No
Steven DEFOUR,BEL,Europa,FC Porto (POR),POR,Europa,No,Si,Si,No
Divock ORIGI,BEL,Europa,Lille OSC (FRA),FRA,Europa,No,Si,Si,No
Nicolas LOMBAERTS,BEL,Europa,FC Zenit St. Petersburg (RUS),RUS,Europa,No,Si,Si,No
Moussa DEMBELE,BEL,Europa,Tottenham Hotspur FC (ENG),ENG,Europa,No,Si,Si,No
Adnan JANUZAJ,BEL,Europa,Manchester United FC (ENG),ENG,Europa,No,Si,Si,No
Anthony VANDEN BORRE,BEL,Europa,RSC Anderlecht (BEL),BEL,Europa,Si,Si,No,No
Nacer CHADLI,BEL,Europa,Tottenham Hotspur FC (ENG),ENG,Europa,No,Si,Si,No
Laurent CIMAN,BEL,Europa,Standard Liege (BEL),BEL,Europa,Si,Si,No,No
Sergio ROMERO,ARG,América,AS Monaco (FRA),FRA,Europa,No,No,Si,Si
Ezequiel GARAY,ARG,América,SL Benfica (POR),POR,Europa,No,No,Si,Si
Hugo CAMPAGNARO,ARG,América,FC Internazionale (ITA),ITA,Europa,No,No,Si,Si
Pablo ZABALETA,ARG,América,Manchester City FC (ENG),ENG,Europa,No,No,Si,Si
Fernando GAGO,ARG,América,CA Boca Juniors (ARG),ARG,América,Si,Si,No,No
Lucas BIGLIA,ARG,América,SS Lazio (ITA),ITA,Europa,No,No,Si,Si
Angel DI MARIA,ARG,América,Real Madrid CF (ESP),ESP,Europa,No,No,Si,Si
Enzo PEREZ,ARG,América,SL Benfica (POR),POR,Europa,No,No,Si,Si
Gonzalo HIGUAIN,ARG,América,SSC Napoli (ITA),ITA,Europa,No,No,Si,Si
Lionel MESSI,ARG,América,FC Barcelona (ESP),ESP,Europa,No,No,Si,Si
Maxi RODRIGUEZ,ARG,América,CA Newells Old Boys (ARG),ARG,América,Si,Si,No,No
Agustin ORION,ARG,América,CA Boca Juniors (ARG),ARG,América,Si,Si,No,No
Augusto FERNANDEZ,ARG,América,Celta Vigo (ESP),ESP,Europa,No,No,Si,Si
Javier MASCHERANO,ARG,América,FC Barcelona (ESP),ESP,Europa,No,No,Si,Si
Martin DEMICHELIS,ARG,América,Manchester City FC (ENG),ENG,Europa,No,No,Si,Si
Marcos ROJO,ARG,América,Sporting CP (POR),POR,Europa,No,No,Si,Si
Federico FERNANDEZ,ARG,América,SSC Napoli (ITA),ITA,Europa,No,No,Si,Si
Rodrigo PALACIO,ARG,América,FC Internazionale (ITA),ITA,Europa,No,No,Si,Si
Ricardo ALVAREZ,ARG,América,FC Internazionale (ITA),ITA,Europa,No,No,Si,Si
Sergio AGUERO,ARG,América,Manchester City FC (ENG),ENG,Europa,No,No,Si,Si
Mariano ANDUJAR,ARG,América,Calcio Catania (ITA),ITA,Europa,No,No,Si,Si
Ezequiel LAVEZZI,ARG,América,Paris Saint-Germain FC (FRA),FRA,Europa,No,No,Si,Si
Jose Maria BASANTA,ARG,América,CF Monterrey (MEX),MEX,América,No,Si,Si,No
Madjid BOUGUERRA,ALG,África,Lekhwiya SC (QAT),QAT,Asia,No,No,Si,Si
Cedric SI MOHAMMED,ALG,África,CS Constantine (ALG),ALG,África,Si,Si,No,No
Faouzi GHOULAM,ALG,África,SSC Napoli (ITA),ITA,Europa,No,No,Si,Si
Esseid BELKALEM,ALG,África,Watford FC (ENG),ENG,Europa,No,No,Si,Si
Rafik HALLICHE,ALG,África,Academica Coimbra (POR),POR,Europa,No,No,Si,Si
Djamel MESBAH,ALG,África,AS Livorno (ITA),ITA,Europa,No,No,Si,Si
Hassan YEBDA,ALG,África,Udinese Calcio (ITA),ITA,Europa,No,No,Si,Si
Medhi LACEN,ALG,África,Getafe CF (ESP),ESP,Europa,No,No,Si,Si
Nabil GHILAS,ALG,África,FC Porto (POR),POR,Europa,No,No,Si,Si
Sofiane FEGHOULI,ALG,África,Valencia CF (ESP),ESP,Europa,No,No,Si,Si
Yacine BRAHIMI,ALG,África,Granada CF (ESP),ESP,Europa,No,No,Si,Si
Carl MEDJANI,ALG,África,Valenciennes FC (FRA),FRA,Europa,No,No,Si,Si
Islam SLIMANI,ALG,África,Sporting CP (POR),POR,Europa,No,No,Si,Si
Nabil BENTALEB,ALG,África,Tottenham Hotspur FC (ENG),ENG,Europa,No,No,Si,Si
El Arabi SOUDANI,ALG,África,GNK Dinamo Zagreb (CRO),CRO,Europa,No,No,Si,Si
Mohamed ZEMMAMOUCHE,ALG,África,USM Alger (ALG),ALG,África,Si,Si,No,No
Liassine CADAMURO,ALG,África,RCD Mallorca (ESP),ESP,Europa,No,No,Si,Si
Abdelmoumene DJABOU,ALG,África,Club Africain (TUN),TUN,África,No,Si,Si,No
Saphir TAIDER,ALG,África,FC Internazionale (ITA),ITA,Europa,No,No,Si,Si
Aissa MANDI,ALG,África,Stade de Reims (FRA),FRA,Europa,No,No,Si,Si
Riyad MAHREZ,ALG,África,Leicester City FC (ENG),ENG,Europa,No,No,Si,Si
Mehdi MOSTEFA,ALG,África,AC Ajaccio (FRA),FRA,Europa,No,No,Si,Si
Rais MBOLHI,ALG,África,CSKA Sofia (BUL),BUL,Europa,No,No,Si,Si
Asmir BEGOVIC,BIH,Europa,Stoke City FC (ENG),ENG,Europa,No,Si,Si,No
Avdija VRSAJEVIC,BIH,Europa,HNK Hajduk Split (CRO),CRO,Europa,No,Si,Si,No
Ermin BICAKCIC,BIH,Europa,Eintracht Braunschweig (GER),GER,Europa,No,Si,Si,No
Emir SPAHIC,BIH,Europa,Bayer 04 Leverkusen (GER),GER,Europa,No,Si,Si,No
Sead KOLASINAC,BIH,Europa,FC Schalke 04 (GER),GER,Europa,No,Si,Si,No
Ognjen VRANJES,BIH,Europa,Elazigspor (TUR),TUR,Europa,No,Si,Si,No
Muhamed BESIC,BIH,Europa,Ferencvarosi TC (HUN),HUN,Europa,No,Si,Si,No
Miralem PJANIC,BIH,Europa,AS Roma (ITA),ITA,Europa,No,Si,Si,No
Vedad IBISEVIC,BIH,Europa,VfB Stuttgart (GER),GER,Europa,No,Si,Si,No
Zvjezdan MISIMOVIC,BIH,Europa,Guizhou Renhe FC (CHN),CHN,Asia,No,No,Si,Si
Edin DZEKO,BIH,Europa,Manchester City FC (ENG),ENG,Europa,No,Si,Si,No
Jasmin FEJZIC,BIH,Europa,VfR Aalen (GER),GER,Europa,No,Si,Si,No
Mensur MUJDZA,BIH,Europa,SC Freiburg (GER),GER,Europa,No,Si,Si,No
Tino Sven SUSIC,BIH,Europa,HNK Hajduk Split (CRO),CRO,Europa,No,Si,Si,No
Toni SUNJIC,BIH,Europa,FC Zorya Lugansk (UKR),UKR,Europa,No,Si,Si,No
Senad LULIC,BIH,Europa,SS Lazio (ITA),ITA,Europa,No,Si,Si,No
Senijad IBRICIC,BIH,Europa,Kayseri Erciyesspor (TUR),TUR,Europa,No,Si,Si,No
Edin VISCA,BIH,Europa,Istanbul BBSK (TUR),TUR,Europa,No,Si,Si,No
Haris MEDUNJANIN,BIH,Europa,Gaziantepspor (TUR),TUR,Europa,No,Si,Si,No
Izet HAJROVIC,BIH,Europa,Galatasaray SK (TUR),TUR,Europa,No,Si,Si,No
Anel HADZIC,BIH,Europa,SK Sturm Graz (AUT),AUT,Europa,No,Si,Si,No
Asmir AVDUKIC,BIH,Europa,FK Borac Banja Luka (BIH),BIH,Europa,Si,Si,No,No
Sejad SALIHOVIC,BIH,Europa,TSG 1899 Hoffenheim (GER),GER,Europa,No,Si,Si,No
Loic FEUDJOU,CMR,África,Coton Sport FC (CMR),CMR,África,Si,Si,No,No
Nicolas NKOULOU,CMR,África,Olympique Marseille (FRA),FRA,Europa,No,No,Si,Si
Benoit ASSOU EKOTTO,CMR,África,Queens Park Rangers FC (ENG),ENG,Europa,No,No,Si,Si
Cedric DJEUGOUE,CMR,África,Coton Sport FC (CMR),CMR,África,Si,Si,No,No
Dany NOUNKEU,CMR,África,Besiktas JK (TUR),TUR,Europa,No,No,Si,Si
Alexandre SONG,CMR,África,FC Barcelona (ESP),ESP,Europa,No,No,Si,Si
Landry NGUEMO,CMR,África,FC Girondins Bordeaux (FRA),FRA,Europa,No,No,Si,Si
Benjamin MOUKANDJO,CMR,África,AS Nancy (FRA),FRA,Europa,No,No,Si,Si
Samuel ETOO,CMR,África,Chelsea FC (ENG),ENG,Europa,No,No,Si,Si
Vincent ABOUBAKAR,CMR,África,FC Lorient (FRA),FRA,Europa,No,No,Si,Si
Jean MAKOUN,CMR,África,Stade Rennais FC (FRA),FRA,Europa,No,No,Si,Si
Henri BEDIMO,CMR,África,Olympique Lyonnais (FRA),FRA,Europa,No,No,Si,Si
Eric CHOUPO MOTING,CMR,África,FSV Mainz 05 (GER),GER,Europa,No,No,Si,Si
Aurelien CHEDJOU,CMR,África,Galatasaray SK (TUR),TUR,Europa,No,No,Si,Si
Pierre WEBO,CMR,África,Fenerbahce SK (TUR),TUR,Europa,No,No,Si,Si
Charles ITANDJE,CMR,África,Konyaspor (TUR),TUR,Europa,No,No,Si,Si
Stephane MBIA,CMR,África,Sevilla FC (ESP),ESP,Europa,No,No,Si,Si
Eyong ENOH,CMR,África,Antalyaspor AS (TUR),TUR,Europa,No,No,Si,Si
Fabrice OLINGA,CMR,África,SV Zulte Waregem (BEL),BEL,Europa,No,No,Si,Si
Edgar SALLI,CMR,África,RC Lens (FRA),FRA,Europa,No,No,Si,Si
Joel MATIP,CMR,África,FC Schalke 04 (GER),GER,Europa,No,No,Si,Si
Allan NYOM,CMR,África,Granada CF (ESP),ESP,Europa,No,No,Si,Si
Sammy NDJOCK,CMR,África,Fethiyespor (TUR),TUR,Europa,No,No,Si,Si
Claudio BRAVO,CHI,América,Real Sociedad (ESP),ESP,Europa,No,No,Si,Si
Francisco SILVA,CHI,América,CA Osasuna (ESP),ESP,Europa,No,No,Si,Si
Mauricio ISLA,CHI,América,Juventus FC (ITA),ITA,Europa,No,No,Si,Si
Carlos CARMONA,CHI,América,Atalanta Bergamo (ITA),ITA,Europa,No,No,Si,Si
Alexis SANCHEZ,CHI,América,FC Barcelona (ESP),ESP,Europa,No,No,Si,Si
Arturo VIDAL,CHI,América,Juventus FC (ITA),ITA,Europa,No,No,Si,Si
Mauricio PINILLA,CHI,América,Cagliari Calcio (ITA),ITA,Europa,No,No,Si,Si
Jorge VALDIVIA,CHI,América,Palmeiras (BRA),BRA,América,No,Si,Si,No
Eduardo VARGAS,CHI,América,Valencia CF (ESP),ESP,Europa,No,No,Si,Si
Cristopher TOSELLI,CHI,América,CD Universidad Catolica (CHI),CHI,América,Si,Si,No,No
Jose ROJAS,CHI,América,Club Universidad de Chile (CHI),CHI,América,Si,Si,No,No
Fabian ORELLANA,CHI,América,Celta Vigo (ESP),ESP,Europa,No,No,Si,Si
Eugenio MENA,CHI,América,Santos FC (BRA),BRA,América,No,Si,Si,No
Jean BEAUSEJOUR,CHI,América,Wigan Athletic FC (ENG),ENG,Europa,No,No,Si,Si
Miiko ALBORNOZ,CHI,América,Malmo FF (SWE),SWE,Europa,No,No,Si,Si
Felipe GUTIERREZ,CHI,América,FC Twente (NED),NED,Europa,No,No,Si,Si
Gary MEDEL,CHI,América,Cardiff City FC (WAL),WAL,Europa,No,No,Si,Si
Gonzalo JARA,CHI,América,Nottingham Forest FC (ENG),ENG,Europa,No,No,Si,Si
Jose FUENZALIDA,CHI,América,CSD Colo-Colo (CHI),CHI,América,Si,Si,No,No
Charles ARANGUIZ,CHI,América,SC Internacional (BRA),BRA,América,No,Si,Si,No
Marcelo DIAZ,CHI,América,FC Basel (SUI),SUI,Europa,No,No,Si,Si
Esteban PAREDES,CHI,América,CSD Colo-Colo (CHI),CHI,América,Si,Si,No,No
Johnny HERRERA,CHI,América,Club Universidad de Chile (CHI),CHI,América,Si,Si,No,No
David OSPINA,COL,América,OGC Nice (FRA),FRA,Europa,No,No,Si,Si
Cristian ZAPATA,COL,América,AC Milan (ITA),ITA,Europa,No,No,Si,Si
Mario YEPES,COL,América,Atalanta Bergamo (ITA),ITA,Europa,No,No,Si,Si
Santiago ARIAS,COL,América,PSV Eindhoven (NED),NED,Europa,No,No,Si,Si
Carlos SANCHEZ,COL,América,Elche CF (ESP),ESP,Europa,No,No,Si,Si
Carlos CARBONERO,COL,América,CA River Plate (ARG),ARG,América,No,Si,Si,No
Pablo ARMERO,COL,América,West Ham United FC (ENG),ENG,Europa,No,No,Si,Si
Abel AGUILAR,COL,América,Toulouse FC (FRA),FRA,Europa,No,No,Si,Si
Teofilo GUTIERREZ,COL,América,CA River Plate (ARG),ARG,América,No,Si,Si,No
James RODRIGUEZ,COL,América,AS Monaco (FRA),FRA,Europa,No,No,Si,Si
Juan CUADRADO,COL,América,ACF Fiorentina (ITA),ITA,Europa,No,No,Si,Si
Camilo VARGAS,COL,América,Independiente Santa Fe (COL),COL,América,Si,Si,No,No
Fredy GUARIN,COL,América,FC Internazionale (ITA),ITA,Europa,No,No,Si,Si
Victor IBARBO,COL,América,Cagliari Calcio (ITA),ITA,Europa,No,No,Si,Si
Alexander MEJIA,COL,América,Atletico Nacional (COL),COL,América,Si,Si,No,No
Eder BALANTA,COL,América,CA River Plate (ARG),ARG,América,No,Si,Si,No
Carlos BACCA,COL,América,Sevilla FC (ESP),ESP,Europa,No,No,Si,Si
Juan ZUNIGA,COL,América,SSC Napoli (ITA),ITA,Europa,No,No,Si,Si
Adrian RAMOS,COL,América,Hertha BSC (GER),GER,Europa,No,No,Si,Si
Juan QUINTERO,COL,América,FC Porto (POR),POR,Europa,No,No,Si,Si
Jackson MARTINEZ,COL,América,FC Porto (POR),POR,Europa,No,No,Si,Si
Faryd MONDRAGON,COL,América,Deportivo Cali (COL),COL,América,Si,Si,No,No
Carlos VALDES,COL,América,CA San Lorenzo de Almagro (ARG),ARG,América,No,Si,Si,No
JEFFERSON,BRA,América,Botafogo FR (BRA),BRA,América,Si,Si,No,No
Dani ALVES,BRA,América,FC Barcelona (ESP),ESP,Europa,No,No,Si,Si
Thiago SILVA,BRA,América,Paris Saint-Germain FC (FRA),FRA,Europa,No,No,Si,Si
DAVID LUIZ,BRA,América,Chelsea FC (ENG),ENG,Europa,No,No,Si,Si
FERNANDINHO,BRA,América,Manchester City FC (ENG),ENG,Europa,No,No,Si,Si
MARCELO,BRA,América,Real Madrid CF (ESP),ESP,Europa,No,No,Si,Si
HULK,BRA,América,FC Zenit St. Petersburg (RUS),RUS,Europa,No,No,Si,Si
PAULINHO,BRA,América,Tottenham Hotspur FC (ENG),ENG,Europa,No,No,Si,Si
FRED,BRA,América,Fluminense FC (BRA),BRA,América,Si,Si,No,No
NEYMAR,BRA,América,FC Barcelona (ESP),ESP,Europa,No,No,Si,Si
OSCAR,BRA,América,Chelsea FC (ENG),ENG,Europa,No,No,Si,Si
JULIO CESAR,BRA,América,Toronto FC (CAN),CAN,América,No,Si,Si,No
DANTE,BRA,América,FC Bayern Muenchen (GER),GER,Europa,No,No,Si,Si
MAXWELL,BRA,América,Paris Saint-Germain FC (FRA),FRA,Europa,No,No,Si,Si
HENRIQUE,BRA,América,SSC Napoli (ITA),ITA,Europa,No,No,Si,Si
RAMIRES,BRA,América,Chelsea FC (ENG),ENG,Europa,No,No,Si,Si
LUIZ GUSTAVO,BRA,América,VfL Wolfsburg (GER),GER,Europa,No,No,Si,Si
HERNANES,BRA,América,FC Internazionale (ITA),ITA,Europa,No,No,Si,Si
WILLIAN,BRA,América,Chelsea FC (ENG),ENG,Europa,No,No,Si,Si
BERNARD,BRA,América,Shakhtar Donetsk (UKR),UKR,Europa,No,No,Si,Si
JO,BRA,América,Atletico Mineiro (BRA),BRA,América,Si,Si,No,No
VICTOR,BRA,América,Atletico Mineiro (BRA),BRA,América,Si,Si,No,No
MAICON,BRA,América,AS Roma (ITA),ITA,Europa,No,No,Si,Si
Ousmane DIARRASSOUBA,CIV,África,Caykur Rizespor (TUR),TUR,Europa,No,No,Si,Si
Boubacar BARRY,CIV,África,KSC Lokeren (BEL),BEL,Europa,No,No,Si,Si
Arthur BOKA,CIV,África,VfB Stuttgart (GER),GER,Europa,No,No,Si,Si
Kolo TOURE,CIV,África,Liverpool FC (ENG),ENG,Europa,No,No,Si,Si
Didier ZOKORA,CIV,África,Trabzonspor (TUR),TUR,Europa,No,No,Si,Si
Mathis BOLLY,CIV,África,Fortuna Duesseldorf (GER),GER,Europa,No,No,Si,Si
Jean Daniel AKPA,CIV,África,Toulouse FC (FRA),FRA,Europa,No,No,Si,Si
Salomon KALOU,CIV,África,Lille OSC (FRA),FRA,Europa,No,No,Si,Si
Ismael TIOTE,CIV,África,Newcastle United FC (ENG),ENG,Europa,No,No,Si,Si
GERVINHO,CIV,África,AS Roma (ITA),ITA,Europa,No,No,Si,Si
Didier DROGBA,CIV,África,Galatasaray SK (TUR),TUR,Europa,No,No,Si,Si
Wilfried BONY,CIV,África,Swansea City AFC (WAL),WAL,Europa,No,No,Si,Si
Konan YA,CIV,África,Hannover 96 (GER),GER,Europa,No,No,Si,Si
Ismael DIOMANDE,CIV,África,AS Saint-Etienne (FRA),FRA,Europa,No,No,Si,Si
Max GRADEL,CIV,África,AS Saint-Etienne (FRA),FRA,Europa,No,No,Si,Si
Sylvain GBOHOUO,CIV,África,Sewe Sport (CIV),CIV,África,Si,Si,No,No
Serge AURIER,CIV,África,Toulouse FC (FRA),FRA,Europa,No,No,Si,Si
Constant DJAKPA,CIV,África,Eintracht Frankfurt (GER),GER,Europa,No,No,Si,Si
Yaya TOURE,CIV,África,Manchester City FC (ENG),ENG,Europa,No,No,Si,Si
Die SEREY,CIV,África,FC Basel (SUI),SUI,Europa,No,No,Si,Si
Giovanni SIO,CIV,África,FC Basel (SUI),SUI,Europa,No,No,Si,Si
Souleymane BAMBA,CIV,África,Trabzonspor (TUR),TUR,Europa,No,No,Si,Si
Sayouba MANDE,CIV,África,Stabaek IF (NOR),NOR,Europa,No,No,Si,Si
Stipe PLETIKOSA,CRO,Europa,FC Rostov (RUS),RUS,Europa,No,Si,Si,No
Sime VRSALJKO,CRO,Europa,Genoa CFC (ITA),ITA,Europa,No,Si,Si,No
Danijel PRANJIC,CRO,Europa,Panathinaikos FC (GRE),GRE,Europa,No,Si,Si,No
Ivan PERISIC,CRO,Europa,VfL Wolfsburg (GER),GER,Europa,No,Si,Si,No
Vedran CORLUKA,CRO,Europa,FC Lokomotiv Moscow (RUS),RUS,Europa,No,Si,Si,No
Dejan LOVREN,CRO,Europa,Southampton FC (ENG),ENG,Europa,No,Si,Si,No
Ivan RAKITIC,CRO,Europa,Sevilla FC (ESP),ESP,Europa,No,Si,Si,No
Ognjen VUKOJEVIC,CRO,Europa,FC Dynamo Kyiv (UKR),UKR,Europa,No,Si,Si,No
Nikica JELAVIC,CRO,Europa,Hull City FC (ENG),ENG,Europa,No,Si,Si,No
Luka MODRIC,CRO,Europa,Real Madrid CF (ESP),ESP,Europa,No,Si,Si,No
Darijo SRNA,CRO,Europa,Shakhtar Donetsk (UKR),UKR,Europa,No,Si,Si,No
Oliver ZELENIKA,CRO,Europa,NK Lokomotiva Zagreb (CRO),CRO,Europa,Si,Si,No,No
Gordon SCHILDENFELD,CRO,Europa,Panathinaikos FC (GRE),GRE,Europa,No,Si,Si,No
Marcelo BROZOVIC,CRO,Europa,GNK Dinamo Zagreb (CRO),CRO,Europa,Si,Si,No,No
Milan BADELJ,CRO,Europa,Hamburger SV (GER),GER,Europa,No,Si,Si,No
Ante REBIC,CRO,Europa,ACF Fiorentina (ITA),ITA,Europa,No,Si,Si,No
Mario MANDZUKIC,CRO,Europa,FC Bayern Muenchen (GER),GER,Europa,No,Si,Si,No
Ivica OLIC,CRO,Europa,VfL Wolfsburg (GER),GER,Europa,No,Si,Si,No
SAMMIR,CRO,Europa,Getafe CF (ESP),ESP,Europa,No,Si,Si,No
Mateo KOVACIC,CRO,Europa,FC Internazionale (ITA),ITA,Europa,No,Si,Si,No
Domagoj VIDA,CRO,Europa,FC Dynamo Kyiv (UKR),UKR,Europa,No,Si,Si,No
EDUARDO,CRO,Europa,Shakhtar Donetsk (UKR),UKR,Europa,No,Si,Si,No
Danijel SUBASIC,CRO,Europa,AS Monaco (FRA),FRA,Europa,No,Si,Si,No
Maximo BANGUERA,ECU,América,Barcelona SC (ECU),ECU,América,Si,Si,No,No
Jorge GUAGUA,ECU,América,CS Emelec (ECU),ECU,América,Si,Si,No,No
Juan PAREDES,ECU,América,Barcelona SC (ECU),ECU,América,Si,Si,No,No
Frickson ERAZO,ECU,América,CR Flamengo (BRA),BRA,América,No,Si,Si,No
Alex IBARRA,ECU,América,Vitesse Arnheim (NED),NED,Europa,No,No,Si,Si
Cristhian NOBOA,ECU,América,FC Dynamo Moscow (RUS),RUS,Europa,No,No,Si,Si
Jefferson MONTERO,ECU,América,CA Monarcas Morelia (MEX),MEX,América,No,Si,Si,No
Edison MENDEZ,ECU,América,Independiente Santa Fe (COL),COL,América,No,Si,Si,No
Walter AYOVI,ECU,América,CF Pachuca (MEX),MEX,América,No,Si,Si,No
Felipe CAICEDO,ECU,América,Al Jazira SCC (UAE),UAE,Asia,No,No,Si,Si
Joao ROJAS,ECU,América,Cruz Azul FC (MEX),MEX,América,No,Si,Si,No
Adrian BONE,ECU,América,CD El Nacional (ECU),ECU,América,Si,Si,No,No
Enner VALENCIA,ECU,América,CF Pachuca (MEX),MEX,América,No,Si,Si,No
Oswaldo MINDA,ECU,América,CD Chivas USA (USA),USA,América,No,Si,Si,No
Michael ARROYO,ECU,América,Atlante FC (MEX),MEX,América,No,Si,Si,No
Antonio VALENCIA,ECU,América,Manchester United FC (ENG),ENG,Europa,No,No,Si,Si
Jaimen AYOVI,ECU,América,Club Tijuana (MEX),MEX,América,No,Si,Si,No
Oscar BAGUI,ECU,América,CS Emelec (ECU),ECU,América,Si,Si,No,No
Luis SARITAMA,ECU,América,Barcelona SC (ECU),ECU,América,Si,Si,No,No
Fidel MARTINEZ,ECU,América,Club Tijuana (MEX),MEX,América,No,Si,Si,No
Gabriel ACHILIER,ECU,América,CS Emelec (ECU),ECU,América,Si,Si,No,No
Alexander DOMINGUEZ,ECU,América,LDU Quito (ECU),ECU,América,Si,Si,No,No
Carlos GRUEZO,ECU,América,VfB Stuttgart (GER),GER,Europa,No,No,Si,Si
Keylor NAVAS,CRC,América,Levante UD (ESP),ESP,Europa,No,No,Si,Si
Johnny ACOSTA,CRC,América,LD Alajuelense (CRC),CRC,América,Si,Si,No,No
Giancarlo GONZALEZ,CRC,América,Columbus Crew (USA),USA,América,No,Si,Si,No
Michael UMANA,CRC,América,Deportivo Saprissa (CRC),CRC,América,Si,Si,No,No
Celso BORGES,CRC,América,AIK Solna (SWE),SWE,Europa,No,No,Si,Si
Oscar DUARTE,CRC,América,Club Brugge KV (BEL),BEL,Europa,No,No,Si,Si
Christian BOLANOS,CRC,América,FC Kobenhavn (DEN),DEN,Europa,No,No,Si,Si
Dave MYRIE,CRC,América,CS Herediano (CRC),CRC,América,Si,Si,No,No
Joel CAMPBELL,CRC,América,Olympiacos Piraeus FC (GRE),GRE,Europa,No,No,Si,Si
Bryan RUIZ,CRC,América,PSV Eindhoven (NED),NED,Europa,No,No,Si,Si
Michael BARRANTES,CRC,América,Aalesunds FK (NOR),NOR,Europa,No,No,Si,Si
Waylon FRANCIS,CRC,América,Columbus Crew (USA),USA,América,No,Si,Si,No
Oscar GRANADOS,CRC,América,CS Herediano (CRC),CRC,América,Si,Si,No,No
Randall BRENES,CRC,América,CSD Cartagines (CRC),CRC,América,Si,Si,No,No
Junior DIAZ,CRC,América,FSV Mainz 05 (GER),GER,Europa,No,No,Si,Si
Cristian GAMBOA,CRC,América,Rosenborg BK (NOR),NOR,Europa,No,No,Si,Si
Yeltsin TEJEDA,CRC,América,Deportivo Saprissa (CRC),CRC,América,Si,Si,No,No
Patrick PEMBERTON,CRC,América,LD Alajuelense (CRC),CRC,América,Si,Si,No,No
Roy MILLER,CRC,América,New York Red Bulls (USA),USA,América,No,Si,Si,No
Diego CALVO,CRC,América,Valerenga IF (NOR),NOR,Europa,No,No,Si,Si
Marcos URENA,CRC,América,Kuban Krasnodar (RUS),RUS,Europa,No,No,Si,Si
Jose CUBERO,CRC,América,CS Herediano (CRC),CRC,América,Si,Si,No,No
Daniel CAMBRONERO,CRC,América,CS Herediano (CRC),CRC,América,Si,Si,No,No
Hugo LLORIS,FRA,Europa,Tottenham Hotspur FC (ENG),ENG,Europa,No,Si,Si,No
Mathieu DEBUCHY,FRA,Europa,Newcastle United FC (ENG),ENG,Europa,No,Si,Si,No
Patrice EVRA,FRA,Europa,Manchester United FC (ENG),ENG,Europa,No,Si,Si,No
Raphael VARANE,FRA,Europa,Real Madrid CF (ESP),ESP,Europa,No,Si,Si,No
Mamadou SAKHO,FRA,Europa,Liverpool FC (ENG),ENG,Europa,No,Si,Si,No
Yohan CABAYE,FRA,Europa,Paris Saint-Germain FC (FRA),FRA,Europa,Si,Si,No,No
Remy CABELLA,FRA,Europa,Montpellier HSC (FRA),FRA,Europa,Si,Si,No,No
Mathieu VALBUENA,FRA,Europa,Olympique Marseille (FRA),FRA,Europa,Si,Si,No,No
Olivier GIROUD,FRA,Europa,Arsenal FC (ENG),ENG,Europa,No,Si,Si,No
Karim BENZEMA,FRA,Europa,Real Madrid CF (ESP),ESP,Europa,No,Si,Si,No
Antoine GRIEZMANN,FRA,Europa,Real Sociedad (ESP),ESP,Europa,No,Si,Si,No
Antonio MAVUBA,FRA,Europa,Lille OSC (FRA),FRA,Europa,Si,Si,No,No
Eliaquim MANGALA,FRA,Europa,FC Porto (POR),POR,Europa,No,Si,Si,No
Blaise MATUIDI,FRA,Europa,Paris Saint-Germain FC (FRA),FRA,Europa,Si,Si,No,No
Bacary SAGNA,FRA,Europa,Arsenal FC (ENG),ENG,Europa,No,Si,Si,No
Stephane RUFFIER,FRA,Europa,AS Saint-Etienne (FRA),FRA,Europa,Si,Si,No,No
Lucas DIGNE,FRA,Europa,Paris Saint-Germain FC (FRA),FRA,Europa,Si,Si,No,No
Moussa SISSOKO,FRA,Europa,Newcastle United FC (ENG),ENG,Europa,No,Si,Si,No
Paul POGBA,FRA,Europa,Juventus FC (ITA),ITA,Europa,No,Si,Si,No
Loic REMY,FRA,Europa,Newcastle United FC (ENG),ENG,Europa,No,Si,Si,No
Laurent KOSCIELNY,FRA,Europa,Arsenal FC (ENG),ENG,Europa,No,Si,Si,No
Morgan SCHNEIDERLIN,FRA,Europa,Southampton FC (ENG),ENG,Europa,No,Si,Si,No
Mickael LANDREAU,FRA,Europa,SC Bastia (FRA),FRA,Europa,Si,Si,No,No
Manuel NEUER,GER,Europa,FC Bayern Muenchen (GER),GER,Europa,Si,Si,No,No
Kevin GROSSKREUTZ,GER,Europa,Borussia Dortmund (GER),GER,Europa,Si,Si,No,No
Benedikt HOEWEDES,GER,Europa,FC Schalke 04 (GER),GER,Europa,Si,Si,No,No
Mats HUMMELS,GER,Europa,Borussia Dortmund (GER),GER,Europa,Si,Si,No,No
Matthias GINTER,GER,Europa,SC Freiburg (GER),GER,Europa,Si,Si,No,No
Sami KHEDIRA,GER,Europa,Real Madrid CF (ESP),ESP,Europa,No,Si,Si,No
Bastian SCHWEINSTEIGER,GER,Europa,FC Bayern Muenchen (GER),GER,Europa,Si,Si,No,No
Mesut OEZIL,GER,Europa,Arsenal FC (ENG),ENG,Europa,No,Si,Si,No
Andre SCHUERRLE,GER,Europa,Chelsea FC (ENG),ENG,Europa,No,Si,Si,No
Lukas PODOLSKI,GER,Europa,Arsenal FC (ENG),ENG,Europa,No,Si,Si,No
Miroslav KLOSE,GER,Europa,SS Lazio (ITA),ITA,Europa,No,Si,Si,No
Ron-Robert ZIELER,GER,Europa,Hannover 96 (GER),GER,Europa,Si,Si,No,No
Thomas MUELLER,GER,Europa,FC Bayern Muenchen (GER),GER,Europa,Si,Si,No,No
Julian DRAXLER,GER,Europa,FC Schalke 04 (GER),GER,Europa,Si,Si,No,No
Erik DURM,GER,Europa,Borussia Dortmund (GER),GER,Europa,Si,Si,No,No
Philipp LAHM,GER,Europa,FC Bayern Muenchen (GER),GER,Europa,Si,Si,No,No
Per MERTESACKER,GER,Europa,Arsenal FC (ENG),ENG,Europa,No,Si,Si,No
Toni KROOS,GER,Europa,FC Bayern Muenchen (GER),GER,Europa,Si,Si,No,No
Mario GOETZE,GER,Europa,FC Bayern Muenchen (GER),GER,Europa,Si,Si,No,No
Jerome BOATENG,GER,Europa,FC Bayern Muenchen (GER),GER,Europa,Si,Si,No,No
Shkodran MUSTAFI,GER,Europa,UC Sampdoria (ITA),ITA,Europa,No,Si,Si,No
Roman WEIDENFELLER,GER,Europa,Borussia Dortmund (GER),GER,Europa,Si,Si,No,No
Christoph KRAMER,GER,Europa,Borussia Moenchengladbach (GER),GER,Europa,Si,Si,No,No
Stephen ADAMS,GHA,África,Aduana Stars (GHA),GHA,África,Si,Si,No,No
Samuel INKOOM,GHA,África,FC Platanias (GRE),GRE,Europa,No,No,Si,Si
Asamoah GYAN,GHA,África,Al Ain FC (UAE),UAE,Asia,No,No,Si,Si
Daniel OPARE,GHA,África,Standard Liege (BEL),BEL,Europa,No,No,Si,Si
Michael ESSIEN,GHA,África,AC Milan (ITA),ITA,Europa,No,No,Si,Si
Acquah AFRIYIE,GHA,África,Parma FC (ITA),ITA,Europa,No,No,Si,Si
Christian ATSU,GHA,África,Vitesse Arnheim (NED),NED,Europa,No,No,Si,Si
Emmanuel BADU,GHA,África,Udinese Calcio (ITA),ITA,Europa,No,No,Si,Si
Kevin Prince BOATENG,GHA,África,FC Schalke 04 (GER),GER,Europa,No,No,Si,Si
Andre AYEW,GHA,África,Olympique Marseille (FRA),FRA,Europa,No,No,Si,Si
Sulley MUNTARI,GHA,África,AC Milan (ITA),ITA,Europa,No,No,Si,Si
Adam KWARASEY,GHA,África,Stromsgodset IF (NOR),NOR,Europa,No,No,Si,Si
Jordan AYEW,GHA,África,FC Sochaux-Montbéliard (FRA),FRA,Europa,No,No,Si,Si
Albert ADOMAH,GHA,África,Middlesbrough FC (ENG),ENG,Europa,No,No,Si,Si
Rashid SUMAILA,GHA,África,Mamelodi Sundowns FC (RSA),RSA,África,No,Si,Si,No
Fatawu DAUDA,GHA,África,Orlando Pirates (RSA),RSA,África,No,Si,Si,No
Mohammed RABIU,GHA,África,Kuban Krasnodar (RUS),RUS,Europa,No,No,Si,Si
Majeed WARIS,GHA,África,Valenciennes FC (FRA),FRA,Europa,No,No,Si,Si
Jonathan MENSAH,GHA,África,Evian TG FC (FRA),FRA,Europa,No,No,Si,Si
Kwadwo ASAMOAH,GHA,África,Juventus FC (ITA),ITA,Europa,No,No,Si,Si
John BOYE,GHA,África,Stade Rennais FC (FRA),FRA,Europa,No,No,Si,Si
Mubarak WAKASO,GHA,África,FC Rubin Kazan (RUS),RUS,Europa,No,No,Si,Si
Harrison AFFUL,GHA,África,Esperance Sportive de Tunis (TUN),TUN,África,No,Si,Si,No
Joe HART,ENG,Europa,Manchester City FC (ENG),ENG,Europa,Si,Si,No,No
Glen JOHNSON,ENG,Europa,Liverpool FC (ENG),ENG,Europa,Si,Si,No,No
Leighton BAINES,ENG,Europa,Everton FC (ENG),ENG,Europa,Si,Si,No,No
Steven GERRARD,ENG,Europa,Liverpool FC (ENG),ENG,Europa,Si,Si,No,No
Gary CAHILL,ENG,Europa,Chelsea FC (ENG),ENG,Europa,Si,Si,No,No
Phil JAGIELKA,ENG,Europa,Everton FC (ENG),ENG,Europa,Si,Si,No,No
Jack WILSHERE,ENG,Europa,Arsenal FC (ENG),ENG,Europa,Si,Si,No,No
Frank LAMPARD,ENG,Europa,Chelsea FC (ENG),ENG,Europa,Si,Si,No,No
Daniel STURRIDGE,ENG,Europa,Liverpool FC (ENG),ENG,Europa,Si,Si,No,No
Wayne ROONEY,ENG,Europa,Manchester United FC (ENG),ENG,Europa,Si,Si,No,No
Danny WELBECK,ENG,Europa,Manchester United FC (ENG),ENG,Europa,Si,Si,No,No
Chris SMALLING,ENG,Europa,Manchester United FC (ENG),ENG,Europa,Si,Si,No,No
Ben FOSTER,ENG,Europa,West Bromwich Albion FC (ENG),ENG,Europa,Si,Si,No,No
Jordan HENDERSON,ENG,Europa,Liverpool FC (ENG),ENG,Europa,Si,Si,No,No
Alex OXLADE CHAMBERLAIN,ENG,Europa,Arsenal FC (ENG),ENG,Europa,Si,Si,No,No
Phil JONES,ENG,Europa,Manchester United FC (ENG),ENG,Europa,Si,Si,No,No
James MILNER,ENG,Europa,Manchester City FC (ENG),ENG,Europa,Si,Si,No,No
Rickie LAMBERT,ENG,Europa,Southampton FC (ENG),ENG,Europa,Si,Si,No,No
Raheem STERLING,ENG,Europa,Liverpool FC (ENG),ENG,Europa,Si,Si,No,No
Adam LALLANA,ENG,Europa,Southampton FC (ENG),ENG,Europa,Si,Si,No,No
Ross BARKLEY,ENG,Europa,Everton FC (ENG),ENG,Europa,Si,Si,No,No
Fraser FORSTER,ENG,Europa,Celtic FC (SCO),SCO,Europa,No,Si,Si,No
Luke SHAW,ENG,Europa,Southampton FC (ENG),ENG,Europa,Si,Si,No,No
Luis LOPEZ,HON,América,Real Espana (HON),HON,América,Si,Si,No,No
Osman CHAVEZ,HON,América,Qingdao Jonoon FC (CHN),CHN,Asia,No,No,Si,Si
Maynor FIGUEROA,HON,América,Hull City FC (ENG),ENG,Europa,No,No,Si,Si
Juan MONTES,HON,América,CD Motagua (HON),HON,América,Si,Si,No,No
Victor BERNARDEZ,HON,América,San Jose Earthquakes (USA),USA,América,No,Si,Si,No
Juan Carlos GARCIA,HON,América,Wigan Athletic FC (ENG),ENG,Europa,No,No,Si,Si
Emilio IZAGUIRRE,HON,América,Celtic FC (SCO),SCO,Europa,No,No,Si,Si
Wilson PALACIOS,HON,América,Stoke City FC (ENG),ENG,Europa,No,No,Si,Si
Jerry PALACIOS,HON,América,LD Alajuelense (CRC),CRC,América,No,Si,Si,No
Mario MARTINEZ,HON,América,Real Espana (HON),HON,América,Si,Si,No,No
Jerry BENGTSON,HON,América,New England Revolution (USA),USA,América,No,Si,Si,No
Edder DELGADO,HON,América,Real Espana (HON),HON,América,Si,Si,No,No
Carlo COSTLY,HON,América,Real Espana (HON),HON,América,Si,Si,No,No
Boniek GARCIA,HON,América,Houston Dynamo (USA),USA,América,No,Si,Si,No
Roger ESPINOZA,HON,América,Wigan Athletic FC (ENG),ENG,Europa,No,No,Si,Si
Rony MARTINEZ,HON,América,CD Real Sociedad (HON),HON,América,Si,Si,No,No
Andy NAJAR,HON,América,RSC Anderlecht (BEL),BEL,Europa,No,No,Si,Si
Noel VALLADARES,HON,América,CD Olimpia (HON),HON,América,Si,Si,No,No
Luis GARRIDO,HON,América,CD Olimpia (HON),HON,América,Si,Si,No,No
Jorge CLAROS,HON,América,CD Motagua (HON),HON,América,Si,Si,No,No
Brayan BECKELES,HON,América,CD Olimpia (HON),HON,América,Si,Si,No,No
Donis ESCOBER,HON,América,CD Olimpia (HON),HON,América,Si,Si,No,No
Marvin CHAVEZ,HON,América,CD Chivas USA (USA),USA,América,No,Si,Si,No
Rahman AHMADI,IRN,Asia,Sepahan FC (IRN),IRN,Asia,Si,Si,No,No
Ehsan HAJI SAFI,IRN,Asia,Sepahan FC (IRN),IRN,Asia,Si,Si,No,No
Khosro HEYDARI,IRN,Asia,Esteghlal Tehran FC (IRN),IRN,Asia,Si,Si,No,No
Jalal HOSSEINI,IRN,Asia,Perspolis FC (IRN),IRN,Asia,Si,Si,No,No
Amirhossein SADEGHI,IRN,Asia,Esteghlal Tehran FC (IRN),IRN,Asia,Si,Si,No,No
Javad NEKOUNAM,IRN,Asia,Kuwait SC (KUW),KUW,Asia,No,Si,Si,No
Masoud SHOJAEI,IRN,Asia,UD Las Palmas (ESP),ESP,Europa,No,No,Si,Si
Reza HAGHIGHI,IRN,Asia,Perspolis FC (IRN),IRN,Asia,Si,Si,No,No
Alireza JAHAN BAKHSH,IRN,Asia,NEC Nijmegen (NED),NED,Europa,No,No,Si,Si
Karim ANSARI FARD,IRN,Asia,Tractor Sazi Tabriz FC (IRN),IRN,Asia,Si,Si,No,No
Ghasem HADADIFAR,IRN,Asia,Zob Ahan Isfahan FC (IRN),IRN,Asia,Si,Si,No,No
Alireza HAGHIGHI,IRN,Asia,Sporting Covilha (POR),POR,Europa,No,No,Si,Si
Hossein MAHINI,IRN,Asia,Perspolis FC (IRN),IRN,Asia,Si,Si,No,No
Andranik TIMOTIAN,IRN,Asia,Esteghlal Tehran FC (IRN),IRN,Asia,Si,Si,No,No
Pejman MONTAZERI,IRN,Asia,Umm Salal SC (QAT),QAT,Asia,No,Si,Si,No
Reza GHOOCHANNEJAD,IRN,Asia,Charlton Athletic FC (ENG),ENG,Europa,No,No,Si,Si
Ahmad ALNAMEH,IRN,Asia,Naft Tehran FC (IRN),IRN,Asia,Si,Si,No,No
Bakhtiar RAHMANI,IRN,Asia,Foolad Khuzestan FC (IRN),IRN,Asia,Si,Si,No,No
Hashem BEIKZADEH,IRN,Asia,Esteghlal Tehran FC (IRN),IRN,Asia,Si,Si,No,No
Steven BEITASHOUR,IRN,Asia,Vancouver Whitecaps FC (CAN),CAN,América,No,No,Si,Si
Ashkan DEJAGAH,IRN,Asia,Fulham FC (ENG),ENG,Europa,No,No,Si,Si
Daniel DAVARI,IRN,Asia,Eintracht Braunschweig (GER),GER,Europa,No,No,Si,Si
Mehrdad POOLADI,IRN,Asia,Perspolis FC (IRN),IRN,Asia,Si,Si,No,No
Gianluigi BUFFON,ITA,Europa,Juventus FC (ITA),ITA,Europa,Si,Si,No,No
Mattia DE SCIGLIO,ITA,Europa,AC Milan (ITA),ITA,Europa,Si,Si,No,No
Giorgio CHIELLINI,ITA,Europa,Juventus FC (ITA),ITA,Europa,Si,Si,No,No
Matteo DARMIAN,ITA,Europa,Torino FC (ITA),ITA,Europa,Si,Si,No,No
Thiago MOTTA,ITA,Europa,Paris Saint-Germain FC (FRA),FRA,Europa,No,Si,Si,No
Antonio CANDREVA,ITA,Europa,SS Lazio (ITA),ITA,Europa,Si,Si,No,No
Ignazio ABATE,ITA,Europa,AC Milan (ITA),ITA,Europa,Si,Si,No,No
Claudio MARCHISIO,ITA,Europa,Juventus FC (ITA),ITA,Europa,Si,Si,No,No
Mario BALOTELLI,ITA,Europa,AC Milan (ITA),ITA,Europa,Si,Si,No,No
Antonio CASSANO,ITA,Europa,Parma FC (ITA),ITA,Europa,Si,Si,No,No
Alessio CERCI,ITA,Europa,Torino FC (ITA),ITA,Europa,Si,Si,No,No
Salvatore SIRIGU,ITA,Europa,Paris Saint-Germain FC (FRA),FRA,Europa,No,Si,Si,No
Mattia PERIN,ITA,Europa,Genoa CFC (ITA),ITA,Europa,Si,Si,No,No
Alberto AQUILANI,ITA,Europa,ACF Fiorentina (ITA),ITA,Europa,Si,Si,No,No
Andrea BARZAGLI,ITA,Europa,Juventus FC (ITA),ITA,Europa,Si,Si,No,No
Daniele DE ROSSI,ITA,Europa,AS Roma (ITA),ITA,Europa,Si,Si,No,No
Ciro IMMOBILE,ITA,Europa,Torino FC (ITA),ITA,Europa,Si,Si,No,No
Marco PAROLO,ITA,Europa,Parma FC (ITA),ITA,Europa,Si,Si,No,No
Leonardo BONUCCI,ITA,Europa,Juventus FC (ITA),ITA,Europa,Si,Si,No,No
Gabriel PALETTA,ITA,Europa,Parma FC (ITA),ITA,Europa,Si,Si,No,No
Andrea PIRLO,ITA,Europa,Juventus FC (ITA),ITA,Europa,Si,Si,No,No
Lorenzo INSIGNE,ITA,Europa,SSC Napoli (ITA),ITA,Europa,Si,Si,No,No
Marco VERRATTI,ITA,Europa,Paris Saint-Germain FC (FRA),FRA,Europa,No,Si,Si,No
Orestis KARNEZIS,GRE,Europa,Granada CF (ESP),ESP,Europa,No,Si,Si,No
Georgios TZAVELAS,GRE,Europa,PAOK FC (GRE),GRE,Europa,Si,Si,No,No
Ioannis MANIATIS,GRE,Europa,Olympiacos Piraeus FC (GRE),GRE,Europa,Si,Si,No,No
Konstantinos MANOLAS,GRE,Europa,Olympiacos Piraeus FC (GRE),GRE,Europa,Si,Si,No,No
Vangelis MORAS,GRE,Europa,Hellas Verona FC (ITA),ITA,Europa,No,Si,Si,No
Alexandros TZIOLIS,GRE,Europa,Kayserispor (TUR),TUR,Europa,No,Si,Si,No
Georgios SAMARAS,GRE,Europa,Celtic FC (SCO),SCO,Europa,No,Si,Si,No
Panagiotis KONE,GRE,Europa,Bologna FC (ITA),ITA,Europa,No,Si,Si,No
Konstantinos MITROGLOU,GRE,Europa,Fulham FC (ENG),ENG,Europa,No,Si,Si,No
Georgios KARAGOUNIS,GRE,Europa,Fulham FC (ENG),ENG,Europa,No,Si,Si,No
Loukas VYNTRA,GRE,Europa,Levante UD (ESP),ESP,Europa,No,Si,Si,No
Panagiotis GLYKOS,GRE,Europa,PAOK FC (GRE),GRE,Europa,Si,Si,No,No
Stefanos KAPINO,GRE,Europa,Panathinaikos FC (GRE),GRE,Europa,Si,Si,No,No
Dimitrios SALPINGIDIS,GRE,Europa,PAOK FC (GRE),GRE,Europa,Si,Si,No,No
Lazaros CHRISTODOULOPOULOS,GRE,Europa,Bologna FC (ITA),ITA,Europa,No,Si,Si,No
Vasileios TOROSIDIS,GRE,Europa,AS Roma (ITA),ITA,Europa,No,Si,Si,No
Theofanis GEKAS,GRE,Europa,Konyaspor (TUR),TUR,Europa,No,Si,Si,No
Ioannis FETFATZIDIS,GRE,Europa,Genoa CFC (ITA),ITA,Europa,No,Si,Si,No
Sokratis PAPASTATHOPOULOS,GRE,Europa,Borussia Dortmund (GER),GER,Europa,No,Si,Si,No
Jose CHOLEVAS,GRE,Europa,Olympiacos Piraeus FC (GRE),GRE,Europa,Si,Si,No,No
Konstantinos KATSOURANIS,GRE,Europa,PAOK FC (GRE),GRE,Europa,Si,Si,No,No
Andreas SAMARIS,GRE,Europa,Olympiacos Piraeus FC (GRE),GRE,Europa,Si,Si,No,No
Panagiotis TACHTSIDIS,GRE,Europa,Torino FC (ITA),ITA,Europa,No,Si,Si,No
KIM Changsoo,KOR,Asia,Kashiwa Reysol (JPN),JPN,Asia,No,Si,Si,No
JUNG Sungryong,KOR,Asia,Suwon Bluewings FC (KOR),KOR,Asia,Si,Si,No,No
YUN Sukyoung,KOR,Asia,Queens Park Rangers FC (ENG),ENG,Europa,No,No,Si,Si
KWAK Taehwi,KOR,Asia,Al Hilal FC (KSA),KSA,Asia,No,Si,Si,No
KIM Younggwon,KOR,Asia,Guangzhou Evergrande FC (CHN),CHN,Asia,No,Si,Si,No
HWANG Seokho,KOR,Asia,Sanfrecce Hiroshima (JPN),JPN,Asia,No,Si,Si,No
KIM Bokyung,KOR,Asia,Cardiff City FC (WAL),WAL,Europa,No,No,Si,Si
HA Daesung,KOR,Asia,Beijing Guoan (CHN),CHN,Asia,No,Si,Si,No
SON Heungmin,KOR,Asia,Bayer 04 Leverkusen (GER),GER,Europa,No,No,Si,Si
PARK Chuyoung,KOR,Asia,Watford FC (ENG),ENG,Europa,No,No,Si,Si
LEE Keunho,KOR,Asia,Sangju Sangmu FC (KOR),KOR,Asia,Si,Si,No,No
LEE Yong,KOR,Asia,Ulsan Hyundai FC (KOR),KOR,Asia,Si,Si,No,No
KOO Jacheol,KOR,Asia,FSV Mainz 05 (GER),GER,Europa,No,No,Si,Si
HAN Kookyoung,KOR,Asia,Kashiwa Reysol (JPN),JPN,Asia,No,Si,Si,No
KI Sungyueng,KOR,Asia,Sunderland AFC (ENG),ENG,Europa,No,No,Si,Si
PARK Jongwoo,KOR,Asia,Guangzhou R&ampF FC (CHN),CHN,Asia,No,Si,Si,No
LEE Chungyong,KOR,Asia,Bolton Wanderers FC (ENG),ENG,Europa,No,No,Si,Si
KIM Shinwook,KOR,Asia,Ulsan Hyundai FC (KOR),KOR,Asia,Si,Si,No,No
JI Dongwon,KOR,Asia,FC Augsburg (GER),GER,Europa,No,No,Si,Si
HONG Jeongho,KOR,Asia,FC Augsburg (GER),GER,Europa,No,No,Si,Si
KIM Seunggyu,KOR,Asia,Ulsan Hyundai FC (KOR),KOR,Asia,Si,Si,No,No
PARK Jooho,KOR,Asia,FSV Mainz 05 (GER),GER,Europa,No,No,Si,Si
LEE Bumyoung,KOR,Asia,Busan IPark FC (KOR),KOR,Asia,Si,Si,No,No
Jose CORONA,MEX,América,Cruz Azul FC (MEX),MEX,América,Si,Si,No,No
Francisco RODRIGUEZ,MEX,América,Club America (MEX),MEX,América,Si,Si,No,No
Carlos SALCIDO,MEX,América,Tigres UANL (MEX),MEX,América,Si,Si,No,No
Rafael MARQUEZ,MEX,América,Club Leon (MEX),MEX,América,Si,Si,No,No
Diego REYES,MEX,América,FC Porto (POR),POR,Europa,No,No,Si,Si
Hector HERRERA,MEX,América,FC Porto (POR),POR,Europa,No,No,Si,Si
Miguel LAYUN,MEX,América,Club America (MEX),MEX,América,Si,Si,No,No
Marco FABIAN,MEX,América,Cruz Azul FC (MEX),MEX,América,Si,Si,No,No
Raul JIMENEZ,MEX,América,Club America (MEX),MEX,América,Si,Si,No,No
Giovani DOS SANTOS,MEX,América,Villarreal CF (ESP),ESP,Europa,No,No,Si,Si
Alan PULIDO,MEX,América,Tigres UANL (MEX),MEX,América,Si,Si,No,No
Alfredo TALAVERA,MEX,América,Deportivo Toluca FC (MEX),MEX,América,Si,Si,No,No
Guillermo OCHOA,MEX,América,AC Ajaccio (FRA),FRA,Europa,No,No,Si,Si
Javier HERNANDEZ,MEX,América,Manchester United FC (ENG),ENG,Europa,No,No,Si,Si
Hector MORENO,MEX,América,RCD Espanyol (ESP),ESP,Europa,No,No,Si,Si
Miguel PONCE,MEX,América,Deportivo Toluca FC (MEX),MEX,América,Si,Si,No,No
Isaac BRIZUELA,MEX,América,Deportivo Toluca FC (MEX),MEX,América,Si,Si,No,No
Andres GUARDADO,MEX,América,Bayer 04 Leverkusen (GER),GER,Europa,No,No,Si,Si
Oribe PERALTA,MEX,América,Club Santos Laguna (MEX),MEX,América,Si,Si,No,No
Javier AQUINO,MEX,América,Villarreal CF (ESP),ESP,Europa,No,No,Si,Si
Carlos PENA,MEX,América,Club Leon (MEX),MEX,América,Si,Si,No,No
Paul AGUILAR,MEX,América,Club America (MEX),MEX,América,Si,Si,No,No
Jose VAZQUEZ,MEX,América,Club Leon (MEX),MEX,América,Si,Si,No,No
Jasper CILLESSEN,NED,Europa,AFC Ajax (NED),NED,Europa,Si,Si,No,No
Stefan DE VRIJ,NED,Europa,Feyenoord Rotterdam (NED),NED,Europa,Si,Si,No,No
Ron VLAAR,NED,Europa,Aston Villa FC (ENG),ENG,Europa,No,Si,Si,No
Bruno MARTINS INDI,NED,Europa,Feyenoord Rotterdam (NED),NED,Europa,Si,Si,No,No
Daley BLIND,NED,Europa,AFC Ajax (NED),NED,Europa,Si,Si,No,No
Nigel DE JONG,NED,Europa,AC Milan (ITA),ITA,Europa,No,Si,Si,No
Daryl JANMAAT,NED,Europa,Feyenoord Rotterdam (NED),NED,Europa,Si,Si,No,No
Jonathan DE GUZMAN,NED,Europa,Swansea City AFC (WAL),WAL,Europa,No,Si,Si,No
Robin VAN PERSIE,NED,Europa,Manchester United FC (ENG),ENG,Europa,No,Si,Si,No
Arjen ROBBEN,NED,Europa,FC Bayern Muenchen (GER),GER,Europa,No,Si,Si,No
Paul VERHAEGH,NED,Europa,FC Augsburg (GER),GER,Europa,No,Si,Si,No
Terence KONGOLO,NED,Europa,Feyenoord Rotterdam (NED),NED,Europa,Si,Si,No,No
Wesley SNEIJDER,NED,Europa,Galatasaray SK (TUR),TUR,Europa,No,Si,Si,No
Joel VELTMAN,NED,Europa,AFC Ajax (NED),NED,Europa,Si,Si,No,No
Dirk KUYT,NED,Europa,Fenerbahce SK (TUR),TUR,Europa,No,Si,Si,No
Jordy CLASIE,NED,Europa,Feyenoord Rotterdam (NED),NED,Europa,Si,Si,No,No
Jeremain LENS,NED,Europa,FC Dynamo Kyiv (UKR),UKR,Europa,No,Si,Si,No
Leroy FER,NED,Europa,Norwich City FC (ENG),ENG,Europa,No,Si,Si,No
Georginio WIJNALDUM,NED,Europa,PSV Eindhoven (NED),NED,Europa,Si,Si,No,No
Klaas Jan HUNTELAAR,NED,Europa,FC Schalke 04 (GER),GER,Europa,No,Si,Si,No
Memphis DEPAY,NED,Europa,PSV Eindhoven (NED),NED,Europa,Si,Si,No,No
Michel VORM,NED,Europa,Swansea City AFC (WAL),WAL,Europa,No,Si,Si,No
Tim KRUL,NED,Europa,Newcastle United FC (ENG),ENG,Europa,No,Si,Si,No
Atsuto UCHIDA,JPN,Asia,FC Schalke 04 (GER),GER,Europa,No,No,Si,Si
Eiji KAWASHIMA,JPN,Asia,Standard Liege (BEL),BEL,Europa,No,No,Si,Si
Keisuke HONDA,JPN,Asia,AC Milan (ITA),ITA,Europa,No,No,Si,Si
Gotoku SAKAI,JPN,Asia,VfB Stuttgart (GER),GER,Europa,No,No,Si,Si
Yuto NAGATOMO,JPN,Asia,FC Internazionale (ITA),ITA,Europa,No,No,Si,Si
Masato MORISHIGE,JPN,Asia,FC Tokyo (JPN),JPN,Asia,Si,Si,No,No
Yasuhito ENDO,JPN,Asia,Gamba Osaka (JPN),JPN,Asia,Si,Si,No,No
Hiroshi KIYOTAKE,JPN,Asia,Si. FC Nuernberg (GER),GER,Europa,No,No,Si,Si
Shinji KAGAWA,JPN,Asia,Manchester United FC (ENG),ENG,Europa,No,No,Si,Si
Shinji OKAZAKI,JPN,Asia,FSV Mainz 05 (GER),GER,Europa,No,No,Si,Si
Yoichiro KAKITANI,JPN,Asia,Cerezo Osaka (JPN),JPN,Asia,Si,Si,No,No
Shusaku NISHIKAWA,JPN,Asia,Urawa Red Diamonds (JPN),JPN,Asia,Si,Si,No,No
Yoshito OKUBO,JPN,Asia,Kawasaki Frontale (JPN),JPN,Asia,Si,Si,No,No
Toshihiro AOYAMA,JPN,Asia,Sanfrecce Hiroshima (JPN),JPN,Asia,Si,Si,No,No
Yasuyuki KONNO,JPN,Asia,Gamba Osaka (JPN),JPN,Asia,Si,Si,No,No
Hotaru YAMAGUCHI,JPN,Asia,Cerezo Osaka (JPN),JPN,Asia,Si,Si,No,No
Makoto HASEBE,JPN,Asia,Si. FC Nuernberg (GER),GER,Europa,No,No,Si,Si
Yuya OSAKO,JPN,Asia,TSV 1860 Muenchen (GER),GER,Europa,No,No,Si,Si
Masahiko INOHA,JPN,Asia,Jubilo Iwata (JPN),JPN,Asia,Si,Si,No,No
Manabu SAITO,JPN,Asia,Yokohama F-Marinos (JPN),JPN,Asia,Si,Si,No,No
Hiroki SAKAI,JPN,Asia,Hannover 96 (GER),GER,Europa,No,No,Si,Si
Maya YOSHIDA,JPN,Asia,Southampton FC (ENG),ENG,Europa,No,No,Si,Si
Shuichi GONDA,JPN,Asia,FC Tokyo (JPN),JPN,Asia,Si,Si,No,No
EDUARDO,POR,Europa,Sporting Braga (POR),POR,Europa,Si,Si,No,No
Bruno ALVES,POR,Europa,Fenerbahce SK (TUR),TUR,Europa,No,Si,Si,No
PEPE,POR,Europa,Real Madrid CF (ESP),ESP,Europa,No,Si,Si,No
Miguel VELOSO,POR,Europa,FC Dynamo Kyiv (UKR),UKR,Europa,No,Si,Si,No
Fabio COENTRAO,POR,Europa,Real Madrid CF (ESP),ESP,Europa,No,Si,Si,No
WILLIAM,POR,Europa,Sporting CP (POR),POR,Europa,Si,Si,No,No
CRISTIANO RONALDO,POR,Europa,Real Madrid CF (ESP),ESP,Europa,No,Si,Si,No
Joao MOUTINHO,POR,Europa,AS Monaco (FRA),FRA,Europa,No,Si,Si,No
Hugo ALMEIDA,POR,Europa,Besiktas JK (TUR),TUR,Europa,No,Si,Si,No
EDER,POR,Europa,Sporting Braga (POR),POR,Europa,Si,Si,No,No
VIEIRINHA,POR,Europa,VfL Wolfsburg (GER),GER,Europa,No,Si,Si,No
Rui PATRICIO,POR,Europa,Sporting CP (POR),POR,Europa,Si,Si,No,No
Ricardo COSTA,POR,Europa,Valencia CF (ESP),ESP,Europa,No,Si,Si,No
Luis NETO,POR,Europa,FC Zenit St. Petersburg (RUS),RUS,Europa,No,Si,Si,No
RAFA,POR,Europa,Sporting Braga (POR),POR,Europa,Si,Si,No,No
Raul MEIRELES,POR,Europa,Fenerbahce SK (TUR),TUR,Europa,No,Si,Si,No
NANI,POR,Europa,Manchester United FC (ENG),ENG,Europa,No,Si,Si,No
VARELA,POR,Europa,FC Porto (POR),POR,Europa,Si,Si,No,No
Andre ALMEIDA,POR,Europa,SL Benfica (POR),POR,Europa,Si,Si,No,No
Ruben AMORIM,POR,Europa,SL Benfica (POR),POR,Europa,Si,Si,No,No
Joao PEREIRA,POR,Europa,Valencia CF (ESP),ESP,Europa,No,Si,Si,No
BETO,POR,Europa,Sevilla FC (ESP),ESP,Europa,No,Si,Si,No
Helder POSTIGA,POR,Europa,SS Lazio (ITA),ITA,Europa,No,Si,Si,No
Igor AKINFEEV,RUS,Europa,CSKA Moscow (RUS),RUS,Europa,Si,Si,No,No
Aleksei KOZLOV,RUS,Europa,FC Dynamo Moscow (RUS),RUS,Europa,Si,Si,No,No
Georgy SHCHENNIKOV,RUS,Europa,CSKA Moscow (RUS),RUS,Europa,Si,Si,No,No
Sergey IGNASHEVICH,RUS,Europa,CSKA Moscow (RUS),RUS,Europa,Si,Si,No,No
Andrey SEMENOV,RUS,Europa,FC Terek Grozny (RUS),RUS,Europa,Si,Si,No,No
Maksim KANUNNIKOV,RUS,Europa,FK Amkar Perm (RUS),RUS,Europa,Si,Si,No,No
Igor DENISOV,RUS,Europa,FC Dynamo Moscow (RUS),RUS,Europa,Si,Si,No,No
Denis GLUSHAKOV,RUS,Europa,FC Spartak Moscow (RUS),RUS,Europa,Si,Si,No,No
Alexander KOKORIN,RUS,Europa,FC Dynamo Moscow (RUS),RUS,Europa,Si,Si,No,No
Alan DZAGOEV,RUS,Europa,CSKA Moscow (RUS),RUS,Europa,Si,Si,No,No
Aleksandr KERZHAKOV,RUS,Europa,FC Zenit St. Petersburg (RUS),RUS,Europa,Si,Si,No,No
Yury LODYGIN,RUS,Europa,FC Zenit St. Petersburg (RUS),RUS,Europa,Si,Si,No,No
Vladimir GRANAT,RUS,Europa,FC Dynamo Moscow (RUS),RUS,Europa,Si,Si,No,No
Vasily BEREZUTSKIY,RUS,Europa,CSKA Moscow (RUS),RUS,Europa,Si,Si,No,No
Pavel MOGILEVETC,RUS,Europa,FC Rubin Kazan (RUS),RUS,Europa,Si,Si,No,No
Sergey RYZHIKOV,RUS,Europa,FC Rubin Kazan (RUS),RUS,Europa,Si,Si,No,No
Oleg SHATOV,RUS,Europa,FC Zenit St. Petersburg (RUS),RUS,Europa,Si,Si,No,No
Yury ZHIRKOV,RUS,Europa,FC Dynamo Moscow (RUS),RUS,Europa,Si,Si,No,No
Alexander SAMEDOV,RUS,Europa,FC Lokomotiv Moscow (RUS),RUS,Europa,Si,Si,No,No
Victor FAYZULIN,RUS,Europa,FC Zenit St. Petersburg (RUS),RUS,Europa,Si,Si,No,No
Alexey IONOV,RUS,Europa,FC Dynamo Moscow (RUS),RUS,Europa,Si,Si,No,No
Andrey ESHCHENKO,RUS,Europa,FC Anzhi Makhachkala (RUS),RUS,Europa,Si,Si,No,No
Dmitry KOMBAROV,RUS,Europa,FC Spartak Moscow (RUS),RUS,Europa,Si,Si,No,No
Raul ALBIOL,ESP,Europa,SSC Napoli (ITA),ITA,Europa,No,Si,Si,No
Iker CASILLAS,ESP,Europa,Real Madrid CF (ESP),ESP,Europa,Si,Si,No,No
Gerard PIQUE,ESP,Europa,FC Barcelona (ESP),ESP,Europa,Si,Si,No,No
Javi MARTINEZ,ESP,Europa,FC Bayern Muenchen (GER),GER,Europa,No,Si,Si,No
JUANFRAN,ESP,Europa,Atletico Madrid (ESP),ESP,Europa,Si,Si,No,No
Andres INIESTA,ESP,Europa,FC Barcelona (ESP),ESP,Europa,Si,Si,No,No
David VILLA,ESP,Europa,Atletico Madrid (ESP),ESP,Europa,Si,Si,No,No
Xavi HERNANDEZ,ESP,Europa,FC Barcelona (ESP),ESP,Europa,Si,Si,No,No
Fernando TORRES,ESP,Europa,Chelsea FC (ENG),ENG,Europa,No,Si,Si,No
Cesc FABREGAS,ESP,Europa,FC Barcelona (ESP),ESP,Europa,Si,Si,No,No
Pedro RODRIGUEZ,ESP,Europa,FC Barcelona (ESP),ESP,Europa,Si,Si,No,No
Juan MATA,ESP,Europa,Manchester United FC (ENG),ENG,Europa,No,Si,Si,No
David DE GEA,ESP,Europa,Manchester United FC (ENG),ENG,Europa,No,Si,Si,No
Xabi ALONSO,ESP,Europa,Real Madrid CF (ESP),ESP,Europa,Si,Si,No,No
Sergio RAMOS,ESP,Europa,Real Madrid CF (ESP),ESP,Europa,Si,Si,No,No
Sergio BUSQUETS,ESP,Europa,FC Barcelona (ESP),ESP,Europa,Si,Si,No,No
KOKE,ESP,Europa,Atletico Madrid (ESP),ESP,Europa,Si,Si,No,No
Jordi ALBA,ESP,Europa,FC Barcelona (ESP),ESP,Europa,Si,Si,No,No
Diego COSTA,ESP,Europa,Atletico Madrid (ESP),ESP,Europa,Si,Si,No,No
Santi CAZORLA,ESP,Europa,Arsenal FC (ENG),ENG,Europa,No,Si,Si,No
David SILVA,ESP,Europa,Manchester City FC (ENG),ENG,Europa,No,Si,Si,No
Cesar AZPILICUETA,ESP,Europa,Chelsea FC (ENG),ENG,Europa,No,Si,Si,No
Pepe REINA,ESP,Europa,SSC Napoli (ITA),ITA,Europa,No,Si,Si,No
Vincent ENYEAMA,NGA,África,Lille OSC (FRA),FRA,Europa,No,No,Si,Si
Ejike UZOENYI,NGA,África,Enugu Rangers FC (NGA),NGA,África,Si,Si,No,No
Joseph YOBO,NGA,África,Norwich City FC (ENG),ENG,Europa,No,No,Si,Si
Ruben GABRIEL,NGA,África,KV Waasland-Beveren (BEL),BEL,Europa,No,No,Si,Si
Efe AMBROSE,NGA,África,Celtic FC (SCO),SCO,Europa,No,No,Si,Si
Ahmed MUSA,NGA,África,CSKA Moscow (RUS),RUS,Europa,No,No,Si,Si
Azubuike EGWUEKWE,NGA,África,Warri Wolves FC (NGA),NGA,África,Si,Si,No,No
Peter ODEMWINGIE,NGA,África,Stoke City FC (ENG),ENG,Europa,No,No,Si,Si
Emmanuel EMENIKE,NGA,África,Fenerbahce SK (TUR),TUR,Europa,No,No,Si,Si
John Obi MIKEL,NGA,África,Chelsea FC (ENG),ENG,Europa,No,No,Si,Si
Victor MOSES,NGA,África,Liverpool FC (ENG),ENG,Europa,No,No,Si,Si
Ebenezer ODUNLAMI,NGA,África,Sunshine Stars FC (NGA),NGA,África,Si,Si,No,No
Juwon OSHANIWA,NGA,África,FC Ashdod (ISR),ISR,Europa,No,No,Si,Si
Godfrey OBOABONA,NGA,África,Caykur Rizespor (TUR),TUR,Europa,No,No,Si,Si
Ramon AZEEZ,NGA,África,UD Almeria (ESP),ESP,Europa,No,No,Si,Si
Austine EJIDE,NGA,África,Hapoel Be'er Sheva FC (ISR),ISR,Europa,No,No,Si,Si
Ogenyi ONAZI,NGA,África,SS Lazio (ITA),ITA,Europa,No,No,Si,Si
Michael BABATUNDE,NGA,África,FC Volyn Lutsk (UKR),UKR,Europa,No,No,Si,Si
Uche NWOFOR,NGA,África,SC Heerenveen (NED),NED,Europa,No,No,Si,Si
Okechukwu UCHEBO,NGA,África,Cercle Brugge (BEL),BEL,Europa,No,No,Si,Si
Chigozie AGBIM,NGA,África,Enugu Rangers FC (NGA),NGA,África,Si,Si,No,No
Kenneth OMERUO,NGA,África,Middlesbrough FC (ENG),ENG,Europa,No,No,Si,Si
Shola AMEOBI,NGA,África,Newcastle United FC (ENG),ENG,Europa,No,No,Si,Si
Fernando MUSLERA,URU,América,Galatasaray SK (TUR),TUR,Europa,No,No,Si,Si
Diego LUGANO,URU,América,West Bromwich Albion FC (ENG),ENG,Europa,No,No,Si,Si
Diego GODIN,URU,América,Atletico Madrid (ESP),ESP,Europa,No,No,Si,Si
Jorge FUCILE,URU,América,FC Porto (POR),POR,Europa,No,No,Si,Si
Walter GARGANO,URU,América,Parma FC (ITA),ITA,Europa,No,No,Si,Si
Alvaro PEREIRA,URU,América,Sao Paulo FC (BRA),BRA,América,No,Si,Si,No
Cristian RODRIGUEZ,URU,América,Atletico Madrid (ESP),ESP,Europa,No,No,Si,Si
Abel HERNANDEZ,URU,América,US Citta di Palermo (ITA),ITA,Europa,No,No,Si,Si
Luis SUAREZ,URU,América,Liverpool FC (ENG),ENG,Europa,No,No,Si,Si
Diego FORLAN,URU,América,Cerezo Osaka (JPN),JPN,Asia,No,No,Si,Si
Cristhian STUANI,URU,América,RCD Espanyol (ESP),ESP,Europa,No,No,Si,Si
Rodrigo MUNOZ,URU,América,Club Libertad (PAR),PAR,América,No,Si,Si,No
Jose GIMENEZ,URU,América,Atletico Madrid (ESP),ESP,Europa,No,No,Si,Si
Nicolas LODEIRO,URU,América,Botafogo FR (BRA),BRA,América,No,Si,Si,No
Diego PEREZ,URU,América,Bologna FC (ITA),ITA,Europa,No,No,Si,Si
Maximiliano PEREIRA,URU,América,SL Benfica (POR),POR,Europa,No,No,Si,Si
Egidio AREVALO,URU,América,CA Monarcas Morelia (MEX),MEX,América,No,Si,Si,No
Gaston RAMIREZ,URU,América,Southampton FC (ENG),ENG,Europa,No,No,Si,Si
Sebastian COATES,URU,América,Club Nacional de Football (URU),URU,América,Si,Si,No,No
Alvaro GONZALEZ,URU,América,SS Lazio (ITA),ITA,Europa,No,No,Si,Si
Edinson CAVANI,URU,América,Paris Saint-Germain FC (FRA),FRA,Europa,No,No,Si,Si
Martin CACERES,URU,América,Juventus FC (ITA),ITA,Europa,No,No,Si,Si
Martin SILVA,URU,América,CR Vasco da Gama (BRA),BRA,América,No,Si,Si,No
Tim HOWARD,USA,América,Everton FC (ENG),ENG,Europa,No,No,Si,Si
DeAndre YEDLIN,USA,América,Seattle Sounders FC (USA),USA,América,Si,Si,No,No
Matt BESLER,USA,América,Sporting Kansas City (USA),USA,América,Si,Si,No,No
Omar GONZALEZ,USA,América,Los Angeles Galaxy (USA),USA,América,Si,Si,No,No
Michael BRADLEY,USA,América,Toronto FC (CAN),CAN,América,No,Si,Si,No
John BROOKS,USA,América,Hertha BSC (GER),GER,Europa,No,No,Si,Si
DaMarcus BEASLEY,USA,América,Puebla FC (MEX),MEX,América,No,Si,Si,No
Clint DEMPSEY,USA,América,Seattle Sounders FC (USA),USA,América,Si,Si,No,No
Aron JOHANNSSON,USA,América,AZ Alkmaar (NED),NED,Europa,No,No,Si,Si
Mix DISKERUD,USA,América,Rosenborg BK (NOR),NOR,Europa,No,No,Si,Si
Alejandro BEDOYA,USA,América,FC Nantes (FRA),FRA,Europa,No,No,Si,Si
Brad GUZAN,USA,América,Aston Villa FC (ENG),ENG,Europa,No,No,Si,Si
Jermaine JONES,USA,América,Besiktas JK (TUR),TUR,Europa,No,No,Si,Si
Brad DAVIS,USA,América,Houston Dynamo (USA),USA,América,Si,Si,No,No
Kyle BECKERMAN,USA,América,Real Salt Lake (USA),USA,América,Si,Si,No,No
Julian GREEN,USA,América,FC Bayern Muenchen (GER),GER,Europa,No,No,Si,Si
Jozy ALTIDORE,USA,América,Sunderland AFC (ENG),ENG,Europa,No,No,Si,Si
Chris WONDOLOWSKI,USA,América,San Jose Earthquakes (USA),USA,América,Si,Si,No,No
Graham ZUSI,USA,América,Sporting Kansas City (USA),USA,América,Si,Si,No,No
Geoff CAMERON,USA,América,Stoke City FC (ENG),ENG,Europa,No,No,Si,Si
Timmy CHANDLER,USA,América,Si. FC Nuernberg (GER),GER,Europa,No,No,Si,Si
Nick RIMANDO,USA,América,Real Salt Lake (USA),USA,América,Si,Si,No,No
Fabian JOHNSON,USA,América,TSG 1899 Hoffenheim (GER),GER,Europa,No,No,Si,Si
Stephan LICHTSTEINER,SUI,Europa,Juventus FC (ITA),ITA,Europa,No,Si,Si,No
Diego BENAGLIO,SUI,Europa,VfL Wolfsburg (GER),GER,Europa,No,Si,Si,No
Reto ZIEGLER,SUI,Europa,US Sassuolo (ITA),ITA,Europa,No,Si,Si,No
Steve VON BERGEN,SUI,Europa,BSC Young Boys (SUI),SUI,Europa,Si,Si,No,No
Philippe SENDEROS,SUI,Europa,Valencia CF (ESP),ESP,Europa,No,Si,Si,No
Michael LANG,SUI,Europa,Grasshopper Club (SUI),SUI,Europa,Si,Si,No,No
Tranquillo BARNETTA,SUI,Europa,Eintracht Frankfurt (GER),GER,Europa,No,Si,Si,No
Gokhan INLER,SUI,Europa,SSC Napoli (ITA),ITA,Europa,No,Si,Si,No
Haris SEFEROVIC,SUI,Europa,Real Sociedad (ESP),ESP,Europa,No,Si,Si,No
Valon BEHRAMI,SUI,Europa,SSC Napoli (ITA),ITA,Europa,No,Si,Si,No
Granit XHAKA,SUI,Europa,Borussia Moenchengladbach (GER),GER,Europa,No,Si,Si,No
Yann SOMMER,SUI,Europa,FC Basel (SUI),SUI,Europa,Si,Si,No,No
Ricardo RODRIGUEZ,SUI,Europa,VfL Wolfsburg (GER),GER,Europa,No,Si,Si,No
Valentin STOCKER,SUI,Europa,FC Basel (SUI),SUI,Europa,Si,Si,No,No
Blerim DZEMAILI,SUI,Europa,SSC Napoli (ITA),ITA,Europa,No,Si,Si,No
Gelson FERNANDES,SUI,Europa,SC Freiburg (GER),GER,Europa,No,Si,Si,No
Mario GAVRANOVIC,SUI,Europa,FC Zuerich (SUI),SUI,Europa,Si,Si,No,No
Admir MEHMEDI,SUI,Europa,SC Freiburg (GER),GER,Europa,No,Si,Si,No
Josip DRMIC,SUI,Europa,Si. FC Nuernberg (GER),GER,Europa,No,Si,Si,No
Johan DJOUROU,SUI,Europa,Hamburger SV (GER),GER,Europa,No,Si,Si,No
Roman BUERKI,SUI,Europa,Grasshopper Club (SUI),SUI,Europa,Si,Si,No,No
Fabian SCHAER,SUI,Europa,FC Basel (SUI),SUI,Europa,Si,Si,No,No
Xherdan SHAQIRI,SUI,Europa,FC Bayern Muenchen (GER),GER,Europa,No,Si,Si,No
